user_id;item_id;rating
0taD3bhGhBMiNh7iyti5wBL01h43;ISBN0002005018;5.166778713464737
0taD3bhGhBMiNh7iyti5wBL01h43;ISBN0060543957;5.52608448266983
0taD3bhGhBMiNh7iyti5wBL01h43;ISBN0060973129;5.487312078475952
0taD3bhGhBMiNh7iyti5wBL01h43;ISBN0061000280;5.155413925647736
0taD3bhGhBMiNh7iyti5wBL01h43;ISBN0140430423;5.20506751537323
0taD3bhGhBMiNh7iyti5wBL01h43;ISBN0140621296;5.392101168632507
0taD3bhGhBMiNh7iyti5wBL01h43;ISBN0312978383;5.321710616350174
0taD3bhGhBMiNh7iyti5wBL01h43;ISBN0316769487;5.23247754573822
0taD3bhGhBMiNh7iyti5wBL01h43;ISBN0345402871;5.5944690108299255
0taD3bhGhBMiNh7iyti5wBL01h43;ISBN0345413903;5.4918412566185
0taD3bhGhBMiNh7iyti5wBL01h43;ISBN0345450248;5.224694579839706
0taD3bhGhBMiNh7iyti5wBL01h43;ISBN0374157065;5.403942048549652
0taD3bhGhBMiNh7iyti5wBL01h43;ISBN0394562720;5.3962052166461945
0taD3bhGhBMiNh7iyti5wBL01h43;ISBN0394563158;4.9990234375
0taD3bhGhBMiNh7iyti5wBL01h43;ISBN0399144587;4.9399338364601135
0taD3bhGhBMiNh7iyti5wBL01h43;ISBN0399151788;5.167465627193451
0taD3bhGhBMiNh7iyti5wBL01h43;ISBN0399234616;5.71602725982666
0taD3bhGhBMiNh7iyti5wBL01h43;ISBN0425098559;5.284012973308563
0taD3bhGhBMiNh7iyti5wBL01h43;ISBN0425099148;5.083726793527603
0taD3bhGhBMiNh7iyti5wBL01h43;ISBN0439095026;5.372046560049057
0taD3bhGhBMiNh7iyti5wBL01h43;ISBN0440234743;5.233242779970169
0taD3bhGhBMiNh7iyti5wBL01h43;ISBN0440400503;5.399188905954361
0taD3bhGhBMiNh7iyti5wBL01h43;ISBN0446525537;5.117148190736771
0taD3bhGhBMiNh7iyti5wBL01h43;ISBN0446607258;5.47218656539917
0taD3bhGhBMiNh7iyti5wBL01h43;ISBN0446612545;5.435815006494522
0taD3bhGhBMiNh7iyti5wBL01h43;ISBN0451166892;5.45432922244072
0taD3bhGhBMiNh7iyti5wBL01h43;ISBN0451203925;5.392915219068527
0taD3bhGhBMiNh7iyti5wBL01h43;ISBN0515069434;5.338797360658646
0taD3bhGhBMiNh7iyti5wBL01h43;ISBN0553347594;5.23526194691658
0taD3bhGhBMiNh7iyti5wBL01h43;ISBN0590437151;5.226154237985611
0taD3bhGhBMiNh7iyti5wBL01h43;ISBN0609804618;5.681926190853119
0taD3bhGhBMiNh7iyti5wBL01h43;ISBN0671019155;5.511059820652008
0taD3bhGhBMiNh7iyti5wBL01h43;ISBN0671495534;5.365252524614334
0taD3bhGhBMiNh7iyti5wBL01h43;ISBN0671526065;5.007807403802872
0taD3bhGhBMiNh7iyti5wBL01h43;ISBN0671870432;5.544873893260956
0taD3bhGhBMiNh7iyti5wBL01h43;ISBN0679425608;5.028761088848114
0taD3bhGhBMiNh7iyti5wBL01h43;ISBN0679752927;5.519496440887451
0taD3bhGhBMiNh7iyti5wBL01h43;ISBN0684823802;5.336364060640335
0taD3bhGhBMiNh7iyti5wBL01h43;ISBN0756401860;5.15390008687973
0taD3bhGhBMiNh7iyti5wBL01h43;ISBN0786868716;5.403945803642273
0taD3bhGhBMiNh7iyti5wBL01h43;ISBN0800793013;5.606041133403778
0taD3bhGhBMiNh7iyti5wBL01h43;ISBN805423001;5.347943693399429
0taD3bhGhBMiNh7iyti5wBL01h43;ISBN0806315326;5.4980650544166565
0taD3bhGhBMiNh7iyti5wBL01h43;ISBN0812561309;5.1276715695858
0taD3bhGhBMiNh7iyti5wBL01h43;ISBN0812970802;5.204024940729141
0taD3bhGhBMiNh7iyti5wBL01h43;ISBN0849951577;5.461020797491074
0taD3bhGhBMiNh7iyti5wBL01h43;ISBN0907516084;5.441664904356003
0taD3bhGhBMiNh7iyti5wBL01h43;ISBN1552041778;4.931909203529358
0taD3bhGhBMiNh7iyti5wBL01h43;ISBN1567230148;5.257494240999222
0taD3bhGhBMiNh7iyti5wBL01h43;ISBN1588720306;5.584190249443054
0taD3bhGhBMiNh7iyti5wBL01h43;ISBN006250746X;5.962148368358612
0taD3bhGhBMiNh7iyti5wBL01h43;ISBN051762639X;5.441887259483337
0taD3bhGhBMiNh7iyti5wBL01h43;ISBN067976397X;5.639483451843262
0taD3bhGhBMiNh7iyti5wBL01h43;ISBNI2342341123;5.559573471546173
1vGxFPnscxQ5wqZdvXV9oXpj4k82;ISBN0002005018;7.085950493812561
1vGxFPnscxQ5wqZdvXV9oXpj4k82;ISBN0060543957;4.120106726884842
1vGxFPnscxQ5wqZdvXV9oXpj4k82;ISBN0060973129;3.9269018471240997
1vGxFPnscxQ5wqZdvXV9oXpj4k82;ISBN0061000280;4.7400714457035065
1vGxFPnscxQ5wqZdvXV9oXpj4k82;ISBN0140430423;6.275369226932526
1vGxFPnscxQ5wqZdvXV9oXpj4k82;ISBN0140621296;5.709963321685791
1vGxFPnscxQ5wqZdvXV9oXpj4k82;ISBN0312978383;6.676784873008728
1vGxFPnscxQ5wqZdvXV9oXpj4k82;ISBN0316769487;5.612215042114258
1vGxFPnscxQ5wqZdvXV9oXpj4k82;ISBN0345402871;3.9288628101348877
1vGxFPnscxQ5wqZdvXV9oXpj4k82;ISBN0345413903;4.756026029586792
1vGxFPnscxQ5wqZdvXV9oXpj4k82;ISBN0345450248;5.75262063741684
1vGxFPnscxQ5wqZdvXV9oXpj4k82;ISBN0374157065;6.400374114513397
1vGxFPnscxQ5wqZdvXV9oXpj4k82;ISBN0394562720;4.4791193306446075
1vGxFPnscxQ5wqZdvXV9oXpj4k82;ISBN0394563158;8.761813461780548
1vGxFPnscxQ5wqZdvXV9oXpj4k82;ISBN0399144587;8.58927607536316
1vGxFPnscxQ5wqZdvXV9oXpj4k82;ISBN0399151788;5.356384873390198
1vGxFPnscxQ5wqZdvXV9oXpj4k82;ISBN0399234616;4.108318954706192
1vGxFPnscxQ5wqZdvXV9oXpj4k82;ISBN0425098559;4.62766221165657
1vGxFPnscxQ5wqZdvXV9oXpj4k82;ISBN0425099148;6.929823398590088
1vGxFPnscxQ5wqZdvXV9oXpj4k82;ISBN0439095026;5.301000207662582
1vGxFPnscxQ5wqZdvXV9oXpj4k82;ISBN0440234743;7.3367515206336975
1vGxFPnscxQ5wqZdvXV9oXpj4k82;ISBN0440400503;4.841275215148926
1vGxFPnscxQ5wqZdvXV9oXpj4k82;ISBN0446525537;6.537214517593384
1vGxFPnscxQ5wqZdvXV9oXpj4k82;ISBN0446607258;4.9180494248867035
1vGxFPnscxQ5wqZdvXV9oXpj4k82;ISBN0446612545;4.341327548027039
1vGxFPnscxQ5wqZdvXV9oXpj4k82;ISBN0451166892;5.050286084413528
1vGxFPnscxQ5wqZdvXV9oXpj4k82;ISBN0451203925;4.952299356460571
1vGxFPnscxQ5wqZdvXV9oXpj4k82;ISBN0515069434;5.675295770168304
1vGxFPnscxQ5wqZdvXV9oXpj4k82;ISBN0553347594;6.629760384559631
1vGxFPnscxQ5wqZdvXV9oXpj4k82;ISBN0590437151;6.272179543972015
1vGxFPnscxQ5wqZdvXV9oXpj4k82;ISBN0609804618;2.251104459166527
1vGxFPnscxQ5wqZdvXV9oXpj4k82;ISBN0671019155;5.064509838819504
1vGxFPnscxQ5wqZdvXV9oXpj4k82;ISBN0671495534;5.651800155639648
1vGxFPnscxQ5wqZdvXV9oXpj4k82;ISBN0671526065;7.260360598564148
1vGxFPnscxQ5wqZdvXV9oXpj4k82;ISBN0671870432;4.502605825662613
1vGxFPnscxQ5wqZdvXV9oXpj4k82;ISBN0679425608;7.151712357997894
1vGxFPnscxQ5wqZdvXV9oXpj4k82;ISBN0679752927;4.124493479728699
1vGxFPnscxQ5wqZdvXV9oXpj4k82;ISBN0684823802;5.718570530414581
1vGxFPnscxQ5wqZdvXV9oXpj4k82;ISBN0756401860;6.75441175699234
1vGxFPnscxQ5wqZdvXV9oXpj4k82;ISBN0786868716;5.409322023391724
1vGxFPnscxQ5wqZdvXV9oXpj4k82;ISBN0800793013;4.084916144609451
1vGxFPnscxQ5wqZdvXV9oXpj4k82;ISBN805423001;5.52741003036499
1vGxFPnscxQ5wqZdvXV9oXpj4k82;ISBN0806315326;5.224238067865372
1vGxFPnscxQ5wqZdvXV9oXpj4k82;ISBN0812561309;6.097537159919739
1vGxFPnscxQ5wqZdvXV9oXpj4k82;ISBN0812970802;6.274909496307373
1vGxFPnscxQ5wqZdvXV9oXpj4k82;ISBN0849951577;5.119582831859589
1vGxFPnscxQ5wqZdvXV9oXpj4k82;ISBN0907516084;4.907470524311066
1vGxFPnscxQ5wqZdvXV9oXpj4k82;ISBN1552041778;8.249760448932648
1vGxFPnscxQ5wqZdvXV9oXpj4k82;ISBN1567230148;6.033263921737671
1vGxFPnscxQ5wqZdvXV9oXpj4k82;ISBN1588720306;4.147072046995163
1vGxFPnscxQ5wqZdvXV9oXpj4k82;ISBN006250746X;2.755650907754898
1vGxFPnscxQ5wqZdvXV9oXpj4k82;ISBN051762639X;4.051402747631073
1vGxFPnscxQ5wqZdvXV9oXpj4k82;ISBN067976397X;4.187821239233017
1vGxFPnscxQ5wqZdvXV9oXpj4k82;ISBNI2342341123;4.103311538696289
25lxo4jF91N9CGWO96GmTEaMQbg2;ISBN0002005018;3.6212936341762543
25lxo4jF91N9CGWO96GmTEaMQbg2;ISBN0060543957;5.995875000953674
25lxo4jF91N9CGWO96GmTEaMQbg2;ISBN0060973129;6.71657919883728
25lxo4jF91N9CGWO96GmTEaMQbg2;ISBN0061000280;8.08627712726593
25lxo4jF91N9CGWO96GmTEaMQbg2;ISBN0140430423;4.870594710111618
25lxo4jF91N9CGWO96GmTEaMQbg2;ISBN0140621296;4.0956219136714935
25lxo4jF91N9CGWO96GmTEaMQbg2;ISBN0312978383;2.842428281903267
25lxo4jF91N9CGWO96GmTEaMQbg2;ISBN0316769487;5.852320492267609
25lxo4jF91N9CGWO96GmTEaMQbg2;ISBN0345402871;5.832211971282959
25lxo4jF91N9CGWO96GmTEaMQbg2;ISBN0345413903;5.240953058004379
25lxo4jF91N9CGWO96GmTEaMQbg2;ISBN0345450248;5.54509437084198
25lxo4jF91N9CGWO96GmTEaMQbg2;ISBN0374157065;2.777326911687851
25lxo4jF91N9CGWO96GmTEaMQbg2;ISBN0394562720;6.311989963054657
25lxo4jF91N9CGWO96GmTEaMQbg2;ISBN0394563158;1.9081876575946808
25lxo4jF91N9CGWO96GmTEaMQbg2;ISBN0399144587;2.7182041853666306
25lxo4jF91N9CGWO96GmTEaMQbg2;ISBN0399151788;6.679221928119659
25lxo4jF91N9CGWO96GmTEaMQbg2;ISBN0399234616;4.794294714927673
25lxo4jF91N9CGWO96GmTEaMQbg2;ISBN0425098559;7.336399614810944
25lxo4jF91N9CGWO96GmTEaMQbg2;ISBN0425099148;4.80327582359314
25lxo4jF91N9CGWO96GmTEaMQbg2;ISBN0439095026;5.108698159456253
25lxo4jF91N9CGWO96GmTEaMQbg2;ISBN0440234743;2.5571180880069733
25lxo4jF91N9CGWO96GmTEaMQbg2;ISBN0440400503;6.043184876441956
25lxo4jF91N9CGWO96GmTEaMQbg2;ISBN0446525537;5.091406226158142
25lxo4jF91N9CGWO96GmTEaMQbg2;ISBN0446607258;5.0969144105911255
25lxo4jF91N9CGWO96GmTEaMQbg2;ISBN0446612545;6.539132833480835
25lxo4jF91N9CGWO96GmTEaMQbg2;ISBN0451166892;5.311195015907288
25lxo4jF91N9CGWO96GmTEaMQbg2;ISBN0451203925;5.751302599906921
25lxo4jF91N9CGWO96GmTEaMQbg2;ISBN0515069434;4.977232903242111
25lxo4jF91N9CGWO96GmTEaMQbg2;ISBN0553347594;3.8878453969955444
25lxo4jF91N9CGWO96GmTEaMQbg2;ISBN0590437151;4.703078418970108
25lxo4jF91N9CGWO96GmTEaMQbg2;ISBN0609804618;8.397450387477875
25lxo4jF91N9CGWO96GmTEaMQbg2;ISBN0671019155;4.583613097667694
25lxo4jF91N9CGWO96GmTEaMQbg2;ISBN0671495534;4.902097791433334
25lxo4jF91N9CGWO96GmTEaMQbg2;ISBN0671526065;4.61804461479187
25lxo4jF91N9CGWO96GmTEaMQbg2;ISBN0671870432;5.182176470756531
25lxo4jF91N9CGWO96GmTEaMQbg2;ISBN0679425608;4.643957704305649
25lxo4jF91N9CGWO96GmTEaMQbg2;ISBN0679752927;6.086845874786377
25lxo4jF91N9CGWO96GmTEaMQbg2;ISBN0684823802;4.742334693670273
25lxo4jF91N9CGWO96GmTEaMQbg2;ISBN0756401860;4.385891377925873
25lxo4jF91N9CGWO96GmTEaMQbg2;ISBN0786868716;4.789815962314606
25lxo4jF91N9CGWO96GmTEaMQbg2;ISBN0800793013;5.47032243013382
25lxo4jF91N9CGWO96GmTEaMQbg2;ISBN805423001;5.029214113950729
25lxo4jF91N9CGWO96GmTEaMQbg2;ISBN0806315326;4.396833717823029
25lxo4jF91N9CGWO96GmTEaMQbg2;ISBN0812561309;5.9119744300842285
25lxo4jF91N9CGWO96GmTEaMQbg2;ISBN0812970802;4.754732668399811
25lxo4jF91N9CGWO96GmTEaMQbg2;ISBN0849951577;5.0610092878341675
25lxo4jF91N9CGWO96GmTEaMQbg2;ISBN0907516084;5.37052708864212
25lxo4jF91N9CGWO96GmTEaMQbg2;ISBN1552041778;3.3096587657928467
25lxo4jF91N9CGWO96GmTEaMQbg2;ISBN1567230148;4.904736548662186
25lxo4jF91N9CGWO96GmTEaMQbg2;ISBN1588720306;5.567981123924255
25lxo4jF91N9CGWO96GmTEaMQbg2;ISBN006250746X;4.971800357103348
25lxo4jF91N9CGWO96GmTEaMQbg2;ISBN051762639X;6.686491787433624
25lxo4jF91N9CGWO96GmTEaMQbg2;ISBN067976397X;4.95357608795166
25lxo4jF91N9CGWO96GmTEaMQbg2;ISBNI2342341123;5.795887351036072
2Hqih9RfjYfDhuslZ6hUOKr0vki1;ISBN0002005018;5.573962450027466
2Hqih9RfjYfDhuslZ6hUOKr0vki1;ISBN0060543957;5.1300970911979675
2Hqih9RfjYfDhuslZ6hUOKr0vki1;ISBN0060973129;5.1844432055950165
2Hqih9RfjYfDhuslZ6hUOKr0vki1;ISBN0061000280;6.063128173351288
2Hqih9RfjYfDhuslZ6hUOKr0vki1;ISBN0140430423;5.500020384788513
2Hqih9RfjYfDhuslZ6hUOKr0vki1;ISBN0140621296;5.0406725108623505
2Hqih9RfjYfDhuslZ6hUOKr0vki1;ISBN0312978383;5.1116587817668915
2Hqih9RfjYfDhuslZ6hUOKr0vki1;ISBN0316769487;5.792487382888794
2Hqih9RfjYfDhuslZ6hUOKr0vki1;ISBN0345402871;4.932128876447678
2Hqih9RfjYfDhuslZ6hUOKr0vki1;ISBN0345413903;5.052221029996872
2Hqih9RfjYfDhuslZ6hUOKr0vki1;ISBN0345450248;5.613314211368561
2Hqih9RfjYfDhuslZ6hUOKr0vki1;ISBN0374157065;5.033228844404221
2Hqih9RfjYfDhuslZ6hUOKr0vki1;ISBN0394562720;5.40743750333786
2Hqih9RfjYfDhuslZ6hUOKr0vki1;ISBN0394563158;5.508071303367615
2Hqih9RfjYfDhuslZ6hUOKr0vki1;ISBN0399144587;5.795197486877441
2Hqih9RfjYfDhuslZ6hUOKr0vki1;ISBN0399151788;5.850545942783356
2Hqih9RfjYfDhuslZ6hUOKr0vki1;ISBN0399234616;4.543329268693924
2Hqih9RfjYfDhuslZ6hUOKr0vki1;ISBN0425098559;5.752400159835815
2Hqih9RfjYfDhuslZ6hUOKr0vki1;ISBN0425099148;5.708461284637451
2Hqih9RfjYfDhuslZ6hUOKr0vki1;ISBN0439095026;5.354251980781555
2Hqih9RfjYfDhuslZ6hUOKr0vki1;ISBN0440234743;5.200817555189133
2Hqih9RfjYfDhuslZ6hUOKr0vki1;ISBN0440400503;5.404108613729477
2Hqih9RfjYfDhuslZ6hUOKr0vki1;ISBN0446525537;5.725169837474823
2Hqih9RfjYfDhuslZ6hUOKr0vki1;ISBN0446607258;5.376148730516434
2Hqih9RfjYfDhuslZ6hUOKr0vki1;ISBN0446612545;5.3468166291713715
2Hqih9RfjYfDhuslZ6hUOKr0vki1;ISBN0451166892;5.131697833538055
2Hqih9RfjYfDhuslZ6hUOKr0vki1;ISBN0451203925;5.31066232919693
2Hqih9RfjYfDhuslZ6hUOKr0vki1;ISBN0515069434;5.3149189949035645
2Hqih9RfjYfDhuslZ6hUOKr0vki1;ISBN0553347594;5.315146446228027
2Hqih9RfjYfDhuslZ6hUOKr0vki1;ISBN0590437151;5.505178809165955
2Hqih9RfjYfDhuslZ6hUOKr0vki1;ISBN0609804618;5.074713498353958
2Hqih9RfjYfDhuslZ6hUOKr0vki1;ISBN0671019155;4.8915441036224365
2Hqih9RfjYfDhuslZ6hUOKr0vki1;ISBN0671495534;5.036818981170654
2Hqih9RfjYfDhuslZ6hUOKr0vki1;ISBN0671526065;5.968367338180542
2Hqih9RfjYfDhuslZ6hUOKr0vki1;ISBN0671870432;4.980122447013855
2Hqih9RfjYfDhuslZ6hUOKr0vki1;ISBN0679425608;5.962792634963989
2Hqih9RfjYfDhuslZ6hUOKr0vki1;ISBN0679752927;5.165651917457581
2Hqih9RfjYfDhuslZ6hUOKr0vki1;ISBN0684823802;5.362972378730774
2Hqih9RfjYfDhuslZ6hUOKr0vki1;ISBN0756401860;5.596832573413849
2Hqih9RfjYfDhuslZ6hUOKr0vki1;ISBN0786868716;4.883886933326721
2Hqih9RfjYfDhuslZ6hUOKr0vki1;ISBN0800793013;4.891010880470276
2Hqih9RfjYfDhuslZ6hUOKr0vki1;ISBN805423001;5.22484290599823
2Hqih9RfjYfDhuslZ6hUOKr0vki1;ISBN0806315326;4.860940098762512
2Hqih9RfjYfDhuslZ6hUOKr0vki1;ISBN0812561309;5.763381659984589
2Hqih9RfjYfDhuslZ6hUOKr0vki1;ISBN0812970802;5.5766671895980835
2Hqih9RfjYfDhuslZ6hUOKr0vki1;ISBN0849951577;4.975163042545319
2Hqih9RfjYfDhuslZ6hUOKr0vki1;ISBN0907516084;5.176833510398865
2Hqih9RfjYfDhuslZ6hUOKr0vki1;ISBN1552041778;6.011145353317261
2Hqih9RfjYfDhuslZ6hUOKr0vki1;ISBN1567230148;5.474046677350998
2Hqih9RfjYfDhuslZ6hUOKr0vki1;ISBN1588720306;4.839949935674667
2Hqih9RfjYfDhuslZ6hUOKr0vki1;ISBN006250746X;4.120763868093491
2Hqih9RfjYfDhuslZ6hUOKr0vki1;ISBN051762639X;5.431621104478836
2Hqih9RfjYfDhuslZ6hUOKr0vki1;ISBN067976397X;4.693252414464951
2Hqih9RfjYfDhuslZ6hUOKr0vki1;ISBNI2342341123;5.025683522224426
7M6ncJpVleTaACnM4iaokXS04Kg1;ISBN0002005018;5.3115353882312775
7M6ncJpVleTaACnM4iaokXS04Kg1;ISBN0060543957;5.446153849363327
7M6ncJpVleTaACnM4iaokXS04Kg1;ISBN0060973129;5.3766409158706665
7M6ncJpVleTaACnM4iaokXS04Kg1;ISBN0061000280;5.018539994955063
7M6ncJpVleTaACnM4iaokXS04Kg1;ISBN0140430423;5.269851714372635
7M6ncJpVleTaACnM4iaokXS04Kg1;ISBN0140621296;5.480175256729126
7M6ncJpVleTaACnM4iaokXS04Kg1;ISBN0312978383;5.500883519649506
7M6ncJpVleTaACnM4iaokXS04Kg1;ISBN0316769487;5.208810269832611
7M6ncJpVleTaACnM4iaokXS04Kg1;ISBN0345402871;5.510170936584473
7M6ncJpVleTaACnM4iaokXS04Kg1;ISBN0345413903;5.465297847986221
7M6ncJpVleTaACnM4iaokXS04Kg1;ISBN0345450248;5.244195848703384
7M6ncJpVleTaACnM4iaokXS04Kg1;ISBN0374157065;5.552808403968811
7M6ncJpVleTaACnM4iaokXS04Kg1;ISBN0394562720;5.332564175128937
7M6ncJpVleTaACnM4iaokXS04Kg1;ISBN0394563158;5.314422518014908
7M6ncJpVleTaACnM4iaokXS04Kg1;ISBN0399144587;5.2055529952049255
7M6ncJpVleTaACnM4iaokXS04Kg1;ISBN0399151788;5.132249295711517
7M6ncJpVleTaACnM4iaokXS04Kg1;ISBN0399234616;5.6559436321258545
7M6ncJpVleTaACnM4iaokXS04Kg1;ISBN0425098559;5.157820135354996
7M6ncJpVleTaACnM4iaokXS04Kg1;ISBN0425099148;5.178794741630554
7M6ncJpVleTaACnM4iaokXS04Kg1;ISBN0439095026;5.381901800632477
7M6ncJpVleTaACnM4iaokXS04Kg1;ISBN0440234743;5.444753468036652
7M6ncJpVleTaACnM4iaokXS04Kg1;ISBN0440400503;5.322729051113129
7M6ncJpVleTaACnM4iaokXS04Kg1;ISBN0446525537;5.1873399913311005
7M6ncJpVleTaACnM4iaokXS04Kg1;ISBN0446607258;5.42585676908493
7M6ncJpVleTaACnM4iaokXS04Kg1;ISBN0446612545;5.328694552183151
7M6ncJpVleTaACnM4iaokXS04Kg1;ISBN0451166892;5.413599073886871
7M6ncJpVleTaACnM4iaokXS04Kg1;ISBN0451203925;5.353791981935501
7M6ncJpVleTaACnM4iaokXS04Kg1;ISBN0515069434;5.3553787767887115
7M6ncJpVleTaACnM4iaokXS04Kg1;ISBN0553347594;5.3632446229457855
7M6ncJpVleTaACnM4iaokXS04Kg1;ISBN0590437151;5.28959384560585
7M6ncJpVleTaACnM4iaokXS04Kg1;ISBN0609804618;5.40176060795784
7M6ncJpVleTaACnM4iaokXS04Kg1;ISBN0671019155;5.519477128982544
7M6ncJpVleTaACnM4iaokXS04Kg1;ISBN0671495534;5.3953796327114105
7M6ncJpVleTaACnM4iaokXS04Kg1;ISBN0671526065;5.126160144805908
7M6ncJpVleTaACnM4iaokXS04Kg1;ISBN0671870432;5.512167572975159
7M6ncJpVleTaACnM4iaokXS04Kg1;ISBN0679425608;5.138390749692917
7M6ncJpVleTaACnM4iaokXS04Kg1;ISBN0679752927;5.429807126522064
7M6ncJpVleTaACnM4iaokXS04Kg1;ISBN0684823802;5.368747174739838
7M6ncJpVleTaACnM4iaokXS04Kg1;ISBN0756401860;5.262114614248276
7M6ncJpVleTaACnM4iaokXS04Kg1;ISBN0786868716;5.455688029527664
7M6ncJpVleTaACnM4iaokXS04Kg1;ISBN0800793013;5.539224624633789
7M6ncJpVleTaACnM4iaokXS04Kg1;ISBN805423001;5.375142365694046
7M6ncJpVleTaACnM4iaokXS04Kg1;ISBN0806315326;5.529456555843353
7M6ncJpVleTaACnM4iaokXS04Kg1;ISBN0812561309;5.142700254917145
7M6ncJpVleTaACnM4iaokXS04Kg1;ISBN0812970802;5.2751659750938416
7M6ncJpVleTaACnM4iaokXS04Kg1;ISBN0849951577;5.454221934080124
7M6ncJpVleTaACnM4iaokXS04Kg1;ISBN0907516084;5.4166039526462555
7M6ncJpVleTaACnM4iaokXS04Kg1;ISBN1552041778;5.155241996049881
7M6ncJpVleTaACnM4iaokXS04Kg1;ISBN1567230148;5.298799991607666
7M6ncJpVleTaACnM4iaokXS04Kg1;ISBN1588720306;5.525226175785065
7M6ncJpVleTaACnM4iaokXS04Kg1;ISBN006250746X;5.844868779182434
7M6ncJpVleTaACnM4iaokXS04Kg1;ISBN051762639X;5.3394365310668945
7M6ncJpVleTaACnM4iaokXS04Kg1;ISBN067976397X;5.609232425689697
7M6ncJpVleTaACnM4iaokXS04Kg1;ISBNI2342341123;5.482813209295273
8xwH65fcJNbaXphKhnUcP2e6xFx2;ISBN0002005018;5.130716413259506
8xwH65fcJNbaXphKhnUcP2e6xFx2;ISBN0060543957;4.952801197767258
8xwH65fcJNbaXphKhnUcP2e6xFx2;ISBN0060973129;5.467798203229904
8xwH65fcJNbaXphKhnUcP2e6xFx2;ISBN0061000280;7.19108772277832
8xwH65fcJNbaXphKhnUcP2e6xFx2;ISBN0140430423;5.655828297138214
8xwH65fcJNbaXphKhnUcP2e6xFx2;ISBN0140621296;4.560112118721008
8xwH65fcJNbaXphKhnUcP2e6xFx2;ISBN0312978383;4.184888780117035
8xwH65fcJNbaXphKhnUcP2e6xFx2;ISBN0316769487;5.901029407978058
8xwH65fcJNbaXphKhnUcP2e6xFx2;ISBN0345402871;4.710996568202972
8xwH65fcJNbaXphKhnUcP2e6xFx2;ISBN0345413903;4.837678641080856
8xwH65fcJNbaXphKhnUcP2e6xFx2;ISBN0345450248;5.786564528942108
8xwH65fcJNbaXphKhnUcP2e6xFx2;ISBN0374157065;3.9030183851718903
8xwH65fcJNbaXphKhnUcP2e6xFx2;ISBN0394562720;5.466759920120239
8xwH65fcJNbaXphKhnUcP2e6xFx2;ISBN0394563158;4.992501109838486
8xwH65fcJNbaXphKhnUcP2e6xFx2;ISBN0399144587;5.5112223625183105
8xwH65fcJNbaXphKhnUcP2e6xFx2;ISBN0399151788;6.446953356266022
8xwH65fcJNbaXphKhnUcP2e6xFx2;ISBN0399234616;4.041782468557358
8xwH65fcJNbaXphKhnUcP2e6xFx2;ISBN0425098559;6.488135993480682
8xwH65fcJNbaXphKhnUcP2e6xFx2;ISBN0425099148;6.1002413630485535
8xwH65fcJNbaXphKhnUcP2e6xFx2;ISBN0439095026;5.057603418827057
8xwH65fcJNbaXphKhnUcP2e6xFx2;ISBN0440234743;4.462884992361069
8xwH65fcJNbaXphKhnUcP2e6xFx2;ISBN0440400503;5.564816117286682
8xwH65fcJNbaXphKhnUcP2e6xFx2;ISBN0446525537;6.01961362361908
8xwH65fcJNbaXphKhnUcP2e6xFx2;ISBN0446607258;4.710717082023621
8xwH65fcJNbaXphKhnUcP2e6xFx2;ISBN0446612545;5.617335379123688
8xwH65fcJNbaXphKhnUcP2e6xFx2;ISBN0451166892;5.150161623954773
8xwH65fcJNbaXphKhnUcP2e6xFx2;ISBN0451203925;5.400254011154175
8xwH65fcJNbaXphKhnUcP2e6xFx2;ISBN0515069434;5.3031816482543945
8xwH65fcJNbaXphKhnUcP2e6xFx2;ISBN0553347594;5.085826963186264
8xwH65fcJNbaXphKhnUcP2e6xFx2;ISBN0590437151;5.488013744354248
8xwH65fcJNbaXphKhnUcP2e6xFx2;ISBN0609804618;5.664171040058136
8xwH65fcJNbaXphKhnUcP2e6xFx2;ISBN0671019155;4.543813407421112
8xwH65fcJNbaXphKhnUcP2e6xFx2;ISBN0671495534;5.3383395075798035
8xwH65fcJNbaXphKhnUcP2e6xFx2;ISBN0671526065;6.10446959733963
8xwH65fcJNbaXphKhnUcP2e6xFx2;ISBN0671870432;4.573188155889511
8xwH65fcJNbaXphKhnUcP2e6xFx2;ISBN0679425608;6.038563430309296
8xwH65fcJNbaXphKhnUcP2e6xFx2;ISBN0679752927;5.045597314834595
8xwH65fcJNbaXphKhnUcP2e6xFx2;ISBN0684823802;5.081589877605438
8xwH65fcJNbaXphKhnUcP2e6xFx2;ISBN0756401860;5.569111943244934
8xwH65fcJNbaXphKhnUcP2e6xFx2;ISBN0786868716;5.04793056845665
8xwH65fcJNbaXphKhnUcP2e6xFx2;ISBN0800793013;4.517181754112244
8xwH65fcJNbaXphKhnUcP2e6xFx2;ISBN805423001;5.248896420001984
8xwH65fcJNbaXphKhnUcP2e6xFx2;ISBN0806315326;4.514030158519745
8xwH65fcJNbaXphKhnUcP2e6xFx2;ISBN0812561309;6.411282122135162
8xwH65fcJNbaXphKhnUcP2e6xFx2;ISBN0812970802;5.50944459438324
8xwH65fcJNbaXphKhnUcP2e6xFx2;ISBN0849951577;5.02309250831604
8xwH65fcJNbaXphKhnUcP2e6xFx2;ISBN0907516084;5.043138533830643
8xwH65fcJNbaXphKhnUcP2e6xFx2;ISBN1552041778;5.687253057956696
8xwH65fcJNbaXphKhnUcP2e6xFx2;ISBN1567230148;5.488252192735672
8xwH65fcJNbaXphKhnUcP2e6xFx2;ISBN1588720306;4.690159559249878
8xwH65fcJNbaXphKhnUcP2e6xFx2;ISBN006250746X;3.1494690626859665
8xwH65fcJNbaXphKhnUcP2e6xFx2;ISBN051762639X;5.435463637113571
8xwH65fcJNbaXphKhnUcP2e6xFx2;ISBN067976397X;4.1880325973033905
8xwH65fcJNbaXphKhnUcP2e6xFx2;ISBNI2342341123;4.791127562522888
9dTQh70OvLOTFW9GbzCw0jOC8bB3;ISBN0002005018;5.1622457802295685
9dTQh70OvLOTFW9GbzCw0jOC8bB3;ISBN0060543957;5.462295114994049
9dTQh70OvLOTFW9GbzCw0jOC8bB3;ISBN0060973129;5.483254700899124
9dTQh70OvLOTFW9GbzCw0jOC8bB3;ISBN0061000280;5.201664328575134
9dTQh70OvLOTFW9GbzCw0jOC8bB3;ISBN0140430423;5.263996183872223
9dTQh70OvLOTFW9GbzCw0jOC8bB3;ISBN0140621296;5.399720519781113
9dTQh70OvLOTFW9GbzCw0jOC8bB3;ISBN0312978383;5.305488348007202
9dTQh70OvLOTFW9GbzCw0jOC8bB3;ISBN0316769487;5.190989941358566
9dTQh70OvLOTFW9GbzCw0jOC8bB3;ISBN0345402871;5.535665333271027
9dTQh70OvLOTFW9GbzCw0jOC8bB3;ISBN0345413903;5.4635316133499146
9dTQh70OvLOTFW9GbzCw0jOC8bB3;ISBN0345450248;5.245566725730896
9dTQh70OvLOTFW9GbzCw0jOC8bB3;ISBN0374157065;5.3327591717243195
9dTQh70OvLOTFW9GbzCw0jOC8bB3;ISBN0394562720;5.36378937959671
9dTQh70OvLOTFW9GbzCw0jOC8bB3;ISBN0394563158;5.10723689198494
9dTQh70OvLOTFW9GbzCw0jOC8bB3;ISBN0399144587;5.03174102306366
9dTQh70OvLOTFW9GbzCw0jOC8bB3;ISBN0399151788;5.2079755663871765
9dTQh70OvLOTFW9GbzCw0jOC8bB3;ISBN0399234616;5.653053820133209
9dTQh70OvLOTFW9GbzCw0jOC8bB3;ISBN0425098559;5.292499214410782
9dTQh70OvLOTFW9GbzCw0jOC8bB3;ISBN0425099148;5.178541004657745
9dTQh70OvLOTFW9GbzCw0jOC8bB3;ISBN0439095026;5.325163692235947
9dTQh70OvLOTFW9GbzCw0jOC8bB3;ISBN0440234743;5.262844443321228
9dTQh70OvLOTFW9GbzCw0jOC8bB3;ISBN0440400503;5.36602258682251
9dTQh70OvLOTFW9GbzCw0jOC8bB3;ISBN0446525537;5.183927148580551
9dTQh70OvLOTFW9GbzCw0jOC8bB3;ISBN0446607258;5.319954574108124
9dTQh70OvLOTFW9GbzCw0jOC8bB3;ISBN0446612545;5.4127839505672455
9dTQh70OvLOTFW9GbzCw0jOC8bB3;ISBN0451166892;5.444239288568497
9dTQh70OvLOTFW9GbzCw0jOC8bB3;ISBN0451203925;5.383331686258316
9dTQh70OvLOTFW9GbzCw0jOC8bB3;ISBN0515069434;5.348331809043884
9dTQh70OvLOTFW9GbzCw0jOC8bB3;ISBN0553347594;5.285739243030548
9dTQh70OvLOTFW9GbzCw0jOC8bB3;ISBN0590437151;5.2532437443733215
9dTQh70OvLOTFW9GbzCw0jOC8bB3;ISBN0609804618;5.6175402998924255
9dTQh70OvLOTFW9GbzCw0jOC8bB3;ISBN0671019155;5.500108897686005
9dTQh70OvLOTFW9GbzCw0jOC8bB3;ISBN0671495534;5.465689718723297
9dTQh70OvLOTFW9GbzCw0jOC8bB3;ISBN0671526065;5.061131864786148
9dTQh70OvLOTFW9GbzCw0jOC8bB3;ISBN0671870432;5.482097864151001
9dTQh70OvLOTFW9GbzCw0jOC8bB3;ISBN0679425608;5.0622822642326355
9dTQh70OvLOTFW9GbzCw0jOC8bB3;ISBN0679752927;5.4566552340984344
9dTQh70OvLOTFW9GbzCw0jOC8bB3;ISBN0684823802;5.308033764362335
9dTQh70OvLOTFW9GbzCw0jOC8bB3;ISBN0756401860;5.195570349693298
9dTQh70OvLOTFW9GbzCw0jOC8bB3;ISBN0786868716;5.5134716629981995
9dTQh70OvLOTFW9GbzCw0jOC8bB3;ISBN0800793013;5.535397112369537
9dTQh70OvLOTFW9GbzCw0jOC8bB3;ISBN805423001;5.383113354444504
9dTQh70OvLOTFW9GbzCw0jOC8bB3;ISBN0806315326;5.4967542588710785
9dTQh70OvLOTFW9GbzCw0jOC8bB3;ISBN0812561309;5.216782599687576
9dTQh70OvLOTFW9GbzCw0jOC8bB3;ISBN0812970802;5.222237139940262
9dTQh70OvLOTFW9GbzCw0jOC8bB3;ISBN0849951577;5.489341169595718
9dTQh70OvLOTFW9GbzCw0jOC8bB3;ISBN0907516084;5.420103698968887
9dTQh70OvLOTFW9GbzCw0jOC8bB3;ISBN1552041778;4.96551325917244
9dTQh70OvLOTFW9GbzCw0jOC8bB3;ISBN1567230148;5.2771779000759125
9dTQh70OvLOTFW9GbzCw0jOC8bB3;ISBN1588720306;5.564280211925507
9dTQh70OvLOTFW9GbzCw0jOC8bB3;ISBN006250746X;5.821084558963776
9dTQh70OvLOTFW9GbzCw0jOC8bB3;ISBN051762639X;5.371094644069672
9dTQh70OvLOTFW9GbzCw0jOC8bB3;ISBN067976397X;5.588880896568298
9dTQh70OvLOTFW9GbzCw0jOC8bB3;ISBNI2342341123;5.495130717754364
BClyHz5fjtXIDmFgp91cipV8EF92;ISBN0002005018;7.857849478721619
BClyHz5fjtXIDmFgp91cipV8EF92;ISBN0060543957;3.681178241968155
BClyHz5fjtXIDmFgp91cipV8EF92;ISBN0060973129;3.3497725427150726
BClyHz5fjtXIDmFgp91cipV8EF92;ISBN0061000280;4.795337826013565
BClyHz5fjtXIDmFgp91cipV8EF92;ISBN0140430423;6.596942484378815
BClyHz5fjtXIDmFgp91cipV8EF92;ISBN0140621296;5.754859745502472
BClyHz5fjtXIDmFgp91cipV8EF92;ISBN0312978383;7.175086200237274
BClyHz5fjtXIDmFgp91cipV8EF92;ISBN0316769487;5.972621858119965
BClyHz5fjtXIDmFgp91cipV8EF92;ISBN0345402871;3.295116901397705
BClyHz5fjtXIDmFgp91cipV8EF92;ISBN0345413903;4.428668856620789
BClyHz5fjtXIDmFgp91cipV8EF92;ISBN0345450248;6.0314003229141235
BClyHz5fjtXIDmFgp91cipV8EF92;ISBN0374157065;6.781855583190918
BClyHz5fjtXIDmFgp91cipV8EF92;ISBN0394562720;4.306662410497665
BClyHz5fjtXIDmFgp91cipV8EF92;ISBN0394563158;10.0
BClyHz5fjtXIDmFgp91cipV8EF92;ISBN0399144587;9.915524899959564
BClyHz5fjtXIDmFgp91cipV8EF92;ISBN0399151788;5.6092769503593445
BClyHz5fjtXIDmFgp91cipV8EF92;ISBN0399234616;3.2531816363334656
BClyHz5fjtXIDmFgp91cipV8EF92;ISBN0425098559;4.500140607357025
BClyHz5fjtXIDmFgp91cipV8EF92;ISBN0425099148;7.51212614774704
BClyHz5fjtXIDmFgp91cipV8EF92;ISBN0439095026;5.39132896065712
BClyHz5fjtXIDmFgp91cipV8EF92;ISBN0440234743;7.9934340715408325
BClyHz5fjtXIDmFgp91cipV8EF92;ISBN0440400503;4.652645111083984
BClyHz5fjtXIDmFgp91cipV8EF92;ISBN0446525537;7.072240114212036
BClyHz5fjtXIDmFgp91cipV8EF92;ISBN0446607258;4.966121315956116
BClyHz5fjtXIDmFgp91cipV8EF92;ISBN0446612545;3.964541018009186
BClyHz5fjtXIDmFgp91cipV8EF92;ISBN0451166892;4.735009044408798
BClyHz5fjtXIDmFgp91cipV8EF92;ISBN0451203925;4.778365880250931
BClyHz5fjtXIDmFgp91cipV8EF92;ISBN0515069434;5.712427198886871
BClyHz5fjtXIDmFgp91cipV8EF92;ISBN0553347594;7.036455690860748
BClyHz5fjtXIDmFgp91cipV8EF92;ISBN0590437151;6.6358731389045715
BClyHz5fjtXIDmFgp91cipV8EF92;ISBN0609804618;1.0
BClyHz5fjtXIDmFgp91cipV8EF92;ISBN0671019155;4.719988405704498
BClyHz5fjtXIDmFgp91cipV8EF92;ISBN0671495534;5.390644729137421
BClyHz5fjtXIDmFgp91cipV8EF92;ISBN0671526065;8.220356464385986
BClyHz5fjtXIDmFgp91cipV8EF92;ISBN0671870432;4.117290943861008
BClyHz5fjtXIDmFgp91cipV8EF92;ISBN0679425608;8.095617651939392
BClyHz5fjtXIDmFgp91cipV8EF92;ISBN0679752927;3.690381705760956
BClyHz5fjtXIDmFgp91cipV8EF92;ISBN0684823802;5.897789835929871
BClyHz5fjtXIDmFgp91cipV8EF92;ISBN0756401860;7.343123912811279
BClyHz5fjtXIDmFgp91cipV8EF92;ISBN0786868716;5.058221399784088
BClyHz5fjtXIDmFgp91cipV8EF92;ISBN0800793013;3.50069722533226
BClyHz5fjtXIDmFgp91cipV8EF92;ISBN805423001;5.481546938419342
BClyHz5fjtXIDmFgp91cipV8EF92;ISBN0806315326;4.9153516590595245
BClyHz5fjtXIDmFgp91cipV8EF92;ISBN0812561309;6.427748203277588
BClyHz5fjtXIDmFgp91cipV8EF92;ISBN0812970802;6.735742509365082
BClyHz5fjtXIDmFgp91cipV8EF92;ISBN0849951577;4.730461090803146
BClyHz5fjtXIDmFgp91cipV8EF92;ISBN0907516084;4.688616216182709
BClyHz5fjtXIDmFgp91cipV8EF92;ISBN1552041778;9.664916455745697
BClyHz5fjtXIDmFgp91cipV8EF92;ISBN1567230148;6.2954718470573425
BClyHz5fjtXIDmFgp91cipV8EF92;ISBN1588720306;3.4847831428050995
BClyHz5fjtXIDmFgp91cipV8EF92;ISBN006250746X;1.3759061954915524
BClyHz5fjtXIDmFgp91cipV8EF92;ISBN051762639X;3.7945756018161774
BClyHz5fjtXIDmFgp91cipV8EF92;ISBN067976397X;3.5415255427360535
BClyHz5fjtXIDmFgp91cipV8EF92;ISBNI2342341123;3.5887190103530884
KGhzQfTDCBQA3uzc5TgTP4npLzr2;ISBN0002005018;7.12600713968277
KGhzQfTDCBQA3uzc5TgTP4npLzr2;ISBN0060543957;4.162676602602005
KGhzQfTDCBQA3uzc5TgTP4npLzr2;ISBN0060973129;3.9264356791973114
KGhzQfTDCBQA3uzc5TgTP4npLzr2;ISBN0061000280;4.921757310628891
KGhzQfTDCBQA3uzc5TgTP4npLzr2;ISBN0140430423;6.24511981010437
KGhzQfTDCBQA3uzc5TgTP4npLzr2;ISBN0140621296;5.633019864559174
KGhzQfTDCBQA3uzc5TgTP4npLzr2;ISBN0312978383;6.620578110218048
KGhzQfTDCBQA3uzc5TgTP4npLzr2;ISBN0316769487;5.773959219455719
KGhzQfTDCBQA3uzc5TgTP4npLzr2;ISBN0345402871;3.8988236784934998
KGhzQfTDCBQA3uzc5TgTP4npLzr2;ISBN0345413903;4.7018808126449585
KGhzQfTDCBQA3uzc5TgTP4npLzr2;ISBN0345450248;5.815865516662598
KGhzQfTDCBQA3uzc5TgTP4npLzr2;ISBN0374157065;6.379774749279022
KGhzQfTDCBQA3uzc5TgTP4npLzr2;ISBN0394562720;4.577231854200363
KGhzQfTDCBQA3uzc5TgTP4npLzr2;ISBN0394563158;8.625087857246399
KGhzQfTDCBQA3uzc5TgTP4npLzr2;ISBN0399144587;8.57423746585846
KGhzQfTDCBQA3uzc5TgTP4npLzr2;ISBN0399151788;5.477048873901367
KGhzQfTDCBQA3uzc5TgTP4npLzr2;ISBN0399234616;3.920148581266403
KGhzQfTDCBQA3uzc5TgTP4npLzr2;ISBN0425098559;4.742307603359222
KGhzQfTDCBQA3uzc5TgTP4npLzr2;ISBN0425099148;6.882638514041901
KGhzQfTDCBQA3uzc5TgTP4npLzr2;ISBN0439095026;5.363712936639786
KGhzQfTDCBQA3uzc5TgTP4npLzr2;ISBN0440234743;7.2396732568740845
KGhzQfTDCBQA3uzc5TgTP4npLzr2;ISBN0440400503;4.8796581625938416
KGhzQfTDCBQA3uzc5TgTP4npLzr2;ISBN0446525537;6.555709421634674
KGhzQfTDCBQA3uzc5TgTP4npLzr2;ISBN0446607258;5.100982517004013
KGhzQfTDCBQA3uzc5TgTP4npLzr2;ISBN0446612545;4.3828041553497314
KGhzQfTDCBQA3uzc5TgTP4npLzr2;ISBN0451166892;4.97280940413475
KGhzQfTDCBQA3uzc5TgTP4npLzr2;ISBN0451203925;4.954463094472885
KGhzQfTDCBQA3uzc5TgTP4npLzr2;ISBN0515069434;5.632314443588257
KGhzQfTDCBQA3uzc5TgTP4npLzr2;ISBN0553347594;6.54701155424118
KGhzQfTDCBQA3uzc5TgTP4npLzr2;ISBN0590437151;6.277971506118774
KGhzQfTDCBQA3uzc5TgTP4npLzr2;ISBN0609804618;2.2753359377384186
KGhzQfTDCBQA3uzc5TgTP4npLzr2;ISBN0671019155;4.9417808055877686
KGhzQfTDCBQA3uzc5TgTP4npLzr2;ISBN0671495534;5.411746472120285
KGhzQfTDCBQA3uzc5TgTP4npLzr2;ISBN0671526065;7.3663153648376465
KGhzQfTDCBQA3uzc5TgTP4npLzr2;ISBN0671870432;4.474165290594101
KGhzQfTDCBQA3uzc5TgTP4npLzr2;ISBN0679425608;7.267752766609192
KGhzQfTDCBQA3uzc5TgTP4npLzr2;ISBN0679752927;4.165031582117081
KGhzQfTDCBQA3uzc5TgTP4npLzr2;ISBN0684823802;5.758422791957855
KGhzQfTDCBQA3uzc5TgTP4npLzr2;ISBN0756401860;6.748943269252777
KGhzQfTDCBQA3uzc5TgTP4npLzr2;ISBN0786868716;5.146828979253769
KGhzQfTDCBQA3uzc5TgTP4npLzr2;ISBN0800793013;4.046230643987656
KGhzQfTDCBQA3uzc5TgTP4npLzr2;ISBN805423001;5.449877560138702
KGhzQfTDCBQA3uzc5TgTP4npLzr2;ISBN0806315326;5.060606151819229
KGhzQfTDCBQA3uzc5TgTP4npLzr2;ISBN0812561309;6.103626310825348
KGhzQfTDCBQA3uzc5TgTP4npLzr2;ISBN0812970802;6.316482126712799
KGhzQfTDCBQA3uzc5TgTP4npLzr2;ISBN0849951577;4.947383135557175
KGhzQfTDCBQA3uzc5TgTP4npLzr2;ISBN0907516084;4.894198417663574
KGhzQfTDCBQA3uzc5TgTP4npLzr2;ISBN1552041778;8.375185370445251
KGhzQfTDCBQA3uzc5TgTP4npLzr2;ISBN1567230148;6.035662889480591
KGhzQfTDCBQA3uzc5TgTP4npLzr2;ISBN1588720306;4.035739451646805
KGhzQfTDCBQA3uzc5TgTP4npLzr2;ISBN006250746X;2.5886002480983734
KGhzQfTDCBQA3uzc5TgTP4npLzr2;ISBN051762639X;4.2083189487457275
KGhzQfTDCBQA3uzc5TgTP4npLzr2;ISBN067976397X;4.061338186264038
KGhzQfTDCBQA3uzc5TgTP4npLzr2;ISBNI2342341123;4.107793509960175
Ko7SpraVifVZwFWrjAYd0UvgznG3;ISBN0002005018;6.082882106304169
Ko7SpraVifVZwFWrjAYd0UvgznG3;ISBN0060543957;4.859795063734055
Ko7SpraVifVZwFWrjAYd0UvgznG3;ISBN0060973129;4.7527808248996735
Ko7SpraVifVZwFWrjAYd0UvgznG3;ISBN0061000280;5.038867384195328
Ko7SpraVifVZwFWrjAYd0UvgznG3;ISBN0140430423;5.708387792110443
Ko7SpraVifVZwFWrjAYd0UvgznG3;ISBN0140621296;5.529527366161346
Ko7SpraVifVZwFWrjAYd0UvgznG3;ISBN0312978383;5.9613356590271
Ko7SpraVifVZwFWrjAYd0UvgznG3;ISBN0316769487;5.451724529266357
Ko7SpraVifVZwFWrjAYd0UvgznG3;ISBN0345402871;4.785068184137344
Ko7SpraVifVZwFWrjAYd0UvgznG3;ISBN0345413903;5.1192620396614075
Ko7SpraVifVZwFWrjAYd0UvgznG3;ISBN0345450248;5.506331622600555
Ko7SpraVifVZwFWrjAYd0UvgznG3;ISBN0374157065;5.843226730823517
Ko7SpraVifVZwFWrjAYd0UvgznG3;ISBN0394562720;5.002742320299149
Ko7SpraVifVZwFWrjAYd0UvgznG3;ISBN0394563158;6.779392778873444
Ko7SpraVifVZwFWrjAYd0UvgznG3;ISBN0399144587;6.686893045902252
Ko7SpraVifVZwFWrjAYd0UvgznG3;ISBN0399151788;5.336881726980209
Ko7SpraVifVZwFWrjAYd0UvgznG3;ISBN0399234616;4.855120241641998
Ko7SpraVifVZwFWrjAYd0UvgznG3;ISBN0425098559;5.004313290119171
Ko7SpraVifVZwFWrjAYd0UvgznG3;ISBN0425099148;5.965885758399963
Ko7SpraVifVZwFWrjAYd0UvgznG3;ISBN0439095026;5.352243006229401
Ko7SpraVifVZwFWrjAYd0UvgznG3;ISBN0440234743;6.1947468519210815
Ko7SpraVifVZwFWrjAYd0UvgznG3;ISBN0440400503;5.1187357902526855
Ko7SpraVifVZwFWrjAYd0UvgznG3;ISBN0446525537;5.81828111410141
Ko7SpraVifVZwFWrjAYd0UvgznG3;ISBN0446607258;5.199291378259659
Ko7SpraVifVZwFWrjAYd0UvgznG3;ISBN0446612545;4.912925332784653
Ko7SpraVifVZwFWrjAYd0UvgznG3;ISBN0451166892;5.19694122672081
Ko7SpraVifVZwFWrjAYd0UvgznG3;ISBN0451203925;5.174801468849182
Ko7SpraVifVZwFWrjAYd0UvgznG3;ISBN0515069434;5.467792838811874
Ko7SpraVifVZwFWrjAYd0UvgznG3;ISBN0553347594;5.883283376693726
Ko7SpraVifVZwFWrjAYd0UvgznG3;ISBN0590437151;5.714225888252258
Ko7SpraVifVZwFWrjAYd0UvgznG3;ISBN0609804618;4.048002243041992
Ko7SpraVifVZwFWrjAYd0UvgznG3;ISBN0671019155;5.237757742404938
Ko7SpraVifVZwFWrjAYd0UvgznG3;ISBN0671495534;5.442077964544296
Ko7SpraVifVZwFWrjAYd0UvgznG3;ISBN0671526065;6.118562459945679
Ko7SpraVifVZwFWrjAYd0UvgznG3;ISBN0671870432;5.0337835252285
Ko7SpraVifVZwFWrjAYd0UvgznG3;ISBN0679425608;6.0855841636657715
Ko7SpraVifVZwFWrjAYd0UvgznG3;ISBN0679752927;4.8618080615997314
Ko7SpraVifVZwFWrjAYd0UvgznG3;ISBN0684823802;5.504902005195618
Ko7SpraVifVZwFWrjAYd0UvgznG3;ISBN0756401860;5.926693320274353
Ko7SpraVifVZwFWrjAYd0UvgznG3;ISBN0786868716;5.364488363265991
Ko7SpraVifVZwFWrjAYd0UvgznG3;ISBN0800793013;4.856895595788956
Ko7SpraVifVZwFWrjAYd0UvgznG3;ISBN805423001;5.416485130786896
Ko7SpraVifVZwFWrjAYd0UvgznG3;ISBN0806315326;5.317381262779236
Ko7SpraVifVZwFWrjAYd0UvgznG3;ISBN0812561309;5.611115336418152
Ko7SpraVifVZwFWrjAYd0UvgznG3;ISBN0812970802;5.734976530075073
Ko7SpraVifVZwFWrjAYd0UvgznG3;ISBN0849951577;5.238862007856369
Ko7SpraVifVZwFWrjAYd0UvgznG3;ISBN0907516084;5.1682493686676025
Ko7SpraVifVZwFWrjAYd0UvgznG3;ISBN1552041778;6.5603689551353455
Ko7SpraVifVZwFWrjAYd0UvgznG3;ISBN1567230148;5.61702424287796
Ko7SpraVifVZwFWrjAYd0UvgznG3;ISBN1588720306;4.868375986814499
Ko7SpraVifVZwFWrjAYd0UvgznG3;ISBN006250746X;4.337136596441269
Ko7SpraVifVZwFWrjAYd0UvgznG3;ISBN051762639X;4.833497881889343
Ko7SpraVifVZwFWrjAYd0UvgznG3;ISBN067976397X;4.917431443929672
Ko7SpraVifVZwFWrjAYd0UvgznG3;ISBNI2342341123;4.854765921831131
Q6Qaz9jVWlZGt9QXEBvZNr5LVAt1;ISBN0002005018;3.346474766731262
Q6Qaz9jVWlZGt9QXEBvZNr5LVAt1;ISBN0060543957;6.586269974708557
Q6Qaz9jVWlZGt9QXEBvZNr5LVAt1;ISBN0060973129;6.958077788352966
Q6Qaz9jVWlZGt9QXEBvZNr5LVAt1;ISBN0061000280;6.464557230472565
Q6Qaz9jVWlZGt9QXEBvZNr5LVAt1;ISBN0140430423;4.416394263505936
Q6Qaz9jVWlZGt9QXEBvZNr5LVAt1;ISBN0140621296;4.761134028434753
Q6Qaz9jVWlZGt9QXEBvZNr5LVAt1;ISBN0312978383;3.580368757247925
Q6Qaz9jVWlZGt9QXEBvZNr5LVAt1;ISBN0316769487;5.147533595561981
Q6Qaz9jVWlZGt9QXEBvZNr5LVAt1;ISBN0345402871;6.7463608384132385
Q6Qaz9jVWlZGt9QXEBvZNr5LVAt1;ISBN0345413903;5.881129562854767
Q6Qaz9jVWlZGt9QXEBvZNr5LVAt1;ISBN0345450248;5.001454055309296
Q6Qaz9jVWlZGt9QXEBvZNr5LVAt1;ISBN0374157065;3.78857684135437
Q6Qaz9jVWlZGt9QXEBvZNr5LVAt1;ISBN0394562720;6.315929055213928
Q6Qaz9jVWlZGt9QXEBvZNr5LVAt1;ISBN0394563158;1.5297906287014484
Q6Qaz9jVWlZGt9QXEBvZNr5LVAt1;ISBN0399144587;1.8186598122119904
Q6Qaz9jVWlZGt9QXEBvZNr5LVAt1;ISBN0399151788;5.602838575839996
Q6Qaz9jVWlZGt9QXEBvZNr5LVAt1;ISBN0399234616;6.41109436750412
Q6Qaz9jVWlZGt9QXEBvZNr5LVAt1;ISBN0425098559;6.419036388397217
Q6Qaz9jVWlZGt9QXEBvZNr5LVAt1;ISBN0425099148;3.8148914575576782
Q6Qaz9jVWlZGt9QXEBvZNr5LVAt1;ISBN0439095026;5.301649838685989
Q6Qaz9jVWlZGt9QXEBvZNr5LVAt1;ISBN0440234743;2.94767427444458
Q6Qaz9jVWlZGt9QXEBvZNr5LVAt1;ISBN0440400503;5.944717764854431
Q6Qaz9jVWlZGt9QXEBvZNr5LVAt1;ISBN0446525537;4.209457278251648
Q6Qaz9jVWlZGt9QXEBvZNr5LVAt1;ISBN0446607258;5.5807130336761475
Q6Qaz9jVWlZGt9QXEBvZNr5LVAt1;ISBN0446612545;6.5143240094184875
Q6Qaz9jVWlZGt9QXEBvZNr5LVAt1;ISBN0451166892;5.6417102217674255
Q6Qaz9jVWlZGt9QXEBvZNr5LVAt1;ISBN0451203925;5.797033190727234
Q6Qaz9jVWlZGt9QXEBvZNr5LVAt1;ISBN0515069434;4.986995339393616
Q6Qaz9jVWlZGt9QXEBvZNr5LVAt1;ISBN0553347594;3.8894847631454468
Q6Qaz9jVWlZGt9QXEBvZNr5LVAt1;ISBN0590437151;4.362597197294235
Q6Qaz9jVWlZGt9QXEBvZNr5LVAt1;ISBN0609804618;8.839305698871613
Q6Qaz9jVWlZGt9QXEBvZNr5LVAt1;ISBN0671019155;5.48363932967186
Q6Qaz9jVWlZGt9QXEBvZNr5LVAt1;ISBN0671495534;5.084138244390488
Q6Qaz9jVWlZGt9QXEBvZNr5LVAt1;ISBN0671526065;3.4122543334960938
Q6Qaz9jVWlZGt9QXEBvZNr5LVAt1;ISBN0671870432;6.073902606964111
Q6Qaz9jVWlZGt9QXEBvZNr5LVAt1;ISBN0679425608;3.503693252801895
Q6Qaz9jVWlZGt9QXEBvZNr5LVAt1;ISBN0679752927;6.6026850938797
Q6Qaz9jVWlZGt9QXEBvZNr5LVAt1;ISBN0684823802;4.848483115434647
Q6Qaz9jVWlZGt9QXEBvZNr5LVAt1;ISBN0756401860;3.855012208223343
Q6Qaz9jVWlZGt9QXEBvZNr5LVAt1;ISBN0786868716;5.295689702033997
Q6Qaz9jVWlZGt9QXEBvZNr5LVAt1;ISBN0800793013;6.525578558444977
Q6Qaz9jVWlZGt9QXEBvZNr5LVAt1;ISBN805423001;5.150089740753174
Q6Qaz9jVWlZGt9QXEBvZNr5LVAt1;ISBN0806315326;5.300953269004822
Q6Qaz9jVWlZGt9QXEBvZNr5LVAt1;ISBN0812561309;4.816522181034088
Q6Qaz9jVWlZGt9QXEBvZNr5LVAt1;ISBN0812970802;4.35233935713768
Q6Qaz9jVWlZGt9QXEBvZNr5LVAt1;ISBN0849951577;5.559187233448029
Q6Qaz9jVWlZGt9QXEBvZNr5LVAt1;ISBN0907516084;5.76183295249939
Q6Qaz9jVWlZGt9QXEBvZNr5LVAt1;ISBN1552041778;2.1887962073087692
Q6Qaz9jVWlZGt9QXEBvZNr5LVAt1;ISBN1567230148;4.623419493436813
Q6Qaz9jVWlZGt9QXEBvZNr5LVAt1;ISBN1588720306;6.532237946987152
Q6Qaz9jVWlZGt9QXEBvZNr5LVAt1;ISBN006250746X;7.6575034856796265
Q6Qaz9jVWlZGt9QXEBvZNr5LVAt1;ISBN051762639X;6.76093864440918
Q6Qaz9jVWlZGt9QXEBvZNr5LVAt1;ISBN067976397X;6.351940393447876
Q6Qaz9jVWlZGt9QXEBvZNr5LVAt1;ISBNI2342341123;6.566008567810059
RS29fqIYDvaLimC1EjojtDwJXLb2;ISBN0002005018;6.737480580806732
RS29fqIYDvaLimC1EjojtDwJXLb2;ISBN0060543957;4.798428803682327
RS29fqIYDvaLimC1EjojtDwJXLb2;ISBN0060973129;4.244181424379349
RS29fqIYDvaLimC1EjojtDwJXLb2;ISBN0061000280;3.222731187939644
RS29fqIYDvaLimC1EjojtDwJXLb2;ISBN0140430423;5.764950215816498
RS29fqIYDvaLimC1EjojtDwJXLb2;ISBN0140621296;6.3229875564575195
RS29fqIYDvaLimC1EjojtDwJXLb2;ISBN0312978383;7.301129639148712
RS29fqIYDvaLimC1EjojtDwJXLb2;ISBN0316769487;4.9604334235191345
RS29fqIYDvaLimC1EjojtDwJXLb2;ISBN0345402871;4.910078436136246
RS29fqIYDvaLimC1EjojtDwJXLb2;ISBN0345413903;5.39783975481987
RS29fqIYDvaLimC1EjojtDwJXLb2;ISBN0345450248;5.215347617864609
RS29fqIYDvaLimC1EjojtDwJXLb2;ISBN0374157065;7.353618323802948
RS29fqIYDvaLimC1EjojtDwJXLb2;ISBN0394562720;4.565794110298157
RS29fqIYDvaLimC1EjojtDwJXLb2;ISBN0394563158;8.118083834648132
RS29fqIYDvaLimC1EjojtDwJXLb2;ISBN0399144587;7.500758945941925
RS29fqIYDvaLimC1EjojtDwJXLb2;ISBN0399151788;4.311474025249481
RS29fqIYDvaLimC1EjojtDwJXLb2;ISBN0399234616;5.719133794307709
RS29fqIYDvaLimC1EjojtDwJXLb2;ISBN0425098559;3.7985222041606903
RS29fqIYDvaLimC1EjojtDwJXLb2;ISBN0425099148;5.835840463638306
RS29fqIYDvaLimC1EjojtDwJXLb2;ISBN0439095026;5.521501123905182
RS29fqIYDvaLimC1EjojtDwJXLb2;ISBN0440234743;7.579744100570679
RS29fqIYDvaLimC1EjojtDwJXLb2;ISBN0440400503;4.7956323325634
RS29fqIYDvaLimC1EjojtDwJXLb2;ISBN0446525537;5.5917728543281555
RS29fqIYDvaLimC1EjojtDwJXLb2;ISBN0446607258;5.516208589076996
RS29fqIYDvaLimC1EjojtDwJXLb2;ISBN0446612545;4.396400541067123
RS29fqIYDvaLimC1EjojtDwJXLb2;ISBN0451166892;5.383695662021637
RS29fqIYDvaLimC1EjojtDwJXLb2;ISBN0451203925;5.0279861986637115
RS29fqIYDvaLimC1EjojtDwJXLb2;ISBN0515069434;5.6550949811935425
RS29fqIYDvaLimC1EjojtDwJXLb2;ISBN0553347594;6.523501992225647
RS29fqIYDvaLimC1EjojtDwJXLb2;ISBN0590437151;5.892821848392487
RS29fqIYDvaLimC1EjojtDwJXLb2;ISBN0609804618;2.8756910264492035
RS29fqIYDvaLimC1EjojtDwJXLb2;ISBN0671019155;5.931136131286621
RS29fqIYDvaLimC1EjojtDwJXLb2;ISBN0671495534;5.710405349731445
RS29fqIYDvaLimC1EjojtDwJXLb2;ISBN0671526065;5.9898276925086975
RS29fqIYDvaLimC1EjojtDwJXLb2;ISBN0671870432;5.425014287233353
RS29fqIYDvaLimC1EjojtDwJXLb2;ISBN0679425608;5.951247334480286
RS29fqIYDvaLimC1EjojtDwJXLb2;ISBN0679752927;4.717473566532135
RS29fqIYDvaLimC1EjojtDwJXLb2;ISBN0684823802;5.835863530635834
RS29fqIYDvaLimC1EjojtDwJXLb2;ISBN0756401860;6.13985812664032
RS29fqIYDvaLimC1EjojtDwJXLb2;ISBN0786868716;5.786258220672607
RS29fqIYDvaLimC1EjojtDwJXLb2;ISBN0800793013;5.191363841295242
RS29fqIYDvaLimC1EjojtDwJXLb2;ISBN805423001;5.604922115802765
RS29fqIYDvaLimC1EjojtDwJXLb2;ISBN0806315326;6.063727915287018
RS29fqIYDvaLimC1EjojtDwJXLb2;ISBN0812561309;4.956042915582657
RS29fqIYDvaLimC1EjojtDwJXLb2;ISBN0812970802;5.834428548812866
RS29fqIYDvaLimC1EjojtDwJXLb2;ISBN0849951577;5.567408204078674
RS29fqIYDvaLimC1EjojtDwJXLb2;ISBN0907516084;5.319170296192169
RS29fqIYDvaLimC1EjojtDwJXLb2;ISBN1552041778;7.0205711126327515
RS29fqIYDvaLimC1EjojtDwJXLb2;ISBN1567230148;5.722445785999298
RS29fqIYDvaLimC1EjojtDwJXLb2;ISBN1588720306;5.125261873006821
RS29fqIYDvaLimC1EjojtDwJXLb2;ISBN006250746X;5.526150465011597
RS29fqIYDvaLimC1EjojtDwJXLb2;ISBN051762639X;4.256717801094055
RS29fqIYDvaLimC1EjojtDwJXLb2;ISBN067976397X;5.579135894775391
RS29fqIYDvaLimC1EjojtDwJXLb2;ISBNI2342341123;4.948660671710968
RtLehd2gTiNoOwBUMDOMQ8VgQiA3;ISBN0002005018;4.270551830530167
RtLehd2gTiNoOwBUMDOMQ8VgQiA3;ISBN0060543957;5.654197514057159
RtLehd2gTiNoOwBUMDOMQ8VgQiA3;ISBN0060973129;6.175851225852966
RtLehd2gTiNoOwBUMDOMQ8VgQiA3;ISBN0061000280;7.082148730754852
RtLehd2gTiNoOwBUMDOMQ8VgQiA3;ISBN0140430423;5.120320171117783
RtLehd2gTiNoOwBUMDOMQ8VgQiA3;ISBN0140621296;4.56672590970993
RtLehd2gTiNoOwBUMDOMQ8VgQiA3;ISBN0312978383;3.7738474905490875
RtLehd2gTiNoOwBUMDOMQ8VgQiA3;ISBN0316769487;5.6076284646987915
RtLehd2gTiNoOwBUMDOMQ8VgQiA3;ISBN0345402871;5.565537095069885
RtLehd2gTiNoOwBUMDOMQ8VgQiA3;ISBN0345413903;5.257236480712891
RtLehd2gTiNoOwBUMDOMQ8VgQiA3;ISBN0345450248;5.485324561595917
RtLehd2gTiNoOwBUMDOMQ8VgQiA3;ISBN0374157065;3.6486202478408813
RtLehd2gTiNoOwBUMDOMQ8VgQiA3;ISBN0394562720;5.8829872608184814
RtLehd2gTiNoOwBUMDOMQ8VgQiA3;ISBN0394563158;3.3944836258888245
RtLehd2gTiNoOwBUMDOMQ8VgQiA3;ISBN0399144587;3.838962137699127
RtLehd2gTiNoOwBUMDOMQ8VgQiA3;ISBN0399151788;6.2170698046684265
RtLehd2gTiNoOwBUMDOMQ8VgQiA3;ISBN0399234616;4.953797370195389
RtLehd2gTiNoOwBUMDOMQ8VgQiA3;ISBN0425098559;6.587053179740906
RtLehd2gTiNoOwBUMDOMQ8VgQiA3;ISBN0425099148;5.156508535146713
RtLehd2gTiNoOwBUMDOMQ8VgQiA3;ISBN0439095026;5.137359976768494
RtLehd2gTiNoOwBUMDOMQ8VgQiA3;ISBN0440234743;3.6583633720874786
RtLehd2gTiNoOwBUMDOMQ8VgQiA3;ISBN0440400503;5.739158630371094
RtLehd2gTiNoOwBUMDOMQ8VgQiA3;ISBN0446525537;5.274910360574722
RtLehd2gTiNoOwBUMDOMQ8VgQiA3;ISBN0446607258;4.968118757009506
RtLehd2gTiNoOwBUMDOMQ8VgQiA3;ISBN0446612545;6.038620293140411
RtLehd2gTiNoOwBUMDOMQ8VgQiA3;ISBN0451166892;5.32335239648819
RtLehd2gTiNoOwBUMDOMQ8VgQiA3;ISBN0451203925;5.587226510047913
RtLehd2gTiNoOwBUMDOMQ8VgQiA3;ISBN0515069434;5.143295437097549
RtLehd2gTiNoOwBUMDOMQ8VgQiA3;ISBN0553347594;4.515454411506653
RtLehd2gTiNoOwBUMDOMQ8VgQiA3;ISBN0590437151;4.971811085939407
RtLehd2gTiNoOwBUMDOMQ8VgQiA3;ISBN0609804618;7.156040370464325
RtLehd2gTiNoOwBUMDOMQ8VgQiA3;ISBN0671019155;4.861990988254547
RtLehd2gTiNoOwBUMDOMQ8VgQiA3;ISBN0671495534;5.235147684812546
RtLehd2gTiNoOwBUMDOMQ8VgQiA3;ISBN0671526065;4.950893610715866
RtLehd2gTiNoOwBUMDOMQ8VgQiA3;ISBN0671870432;5.169531732797623
RtLehd2gTiNoOwBUMDOMQ8VgQiA3;ISBN0679425608;4.951653748750687
RtLehd2gTiNoOwBUMDOMQ8VgQiA3;ISBN0679752927;5.717021822929382
RtLehd2gTiNoOwBUMDOMQ8VgQiA3;ISBN0684823802;4.913046300411224
RtLehd2gTiNoOwBUMDOMQ8VgQiA3;ISBN0756401860;4.824977308511734
RtLehd2gTiNoOwBUMDOMQ8VgQiA3;ISBN0786868716;5.177547782659531
RtLehd2gTiNoOwBUMDOMQ8VgQiA3;ISBN0800793013;5.335482150316238
RtLehd2gTiNoOwBUMDOMQ8VgQiA3;ISBN805423001;5.201169192790985
RtLehd2gTiNoOwBUMDOMQ8VgQiA3;ISBN0806315326;4.783273249864578
RtLehd2gTiNoOwBUMDOMQ8VgQiA3;ISBN0812561309;5.825387895107269
RtLehd2gTiNoOwBUMDOMQ8VgQiA3;ISBN0812970802;4.994539856910706
RtLehd2gTiNoOwBUMDOMQ8VgQiA3;ISBN0849951577;5.24055877327919
RtLehd2gTiNoOwBUMDOMQ8VgQiA3;ISBN0907516084;5.329129070043564
RtLehd2gTiNoOwBUMDOMQ8VgQiA3;ISBN1552041778;4.115934282541275
RtLehd2gTiNoOwBUMDOMQ8VgQiA3;ISBN1567230148;5.089269310235977
RtLehd2gTiNoOwBUMDOMQ8VgQiA3;ISBN1588720306;5.470406115055084
RtLehd2gTiNoOwBUMDOMQ8VgQiA3;ISBN006250746X;4.926651805639267
RtLehd2gTiNoOwBUMDOMQ8VgQiA3;ISBN051762639X;6.0614142417907715
RtLehd2gTiNoOwBUMDOMQ8VgQiA3;ISBN067976397X;5.060487329959869
RtLehd2gTiNoOwBUMDOMQ8VgQiA3;ISBNI2342341123;5.530778348445892
Uskpm1noVrMxyMd5DknikpEe7LW2;ISBN0002005018;5.087671786546707
Uskpm1noVrMxyMd5DknikpEe7LW2;ISBN0060543957;5.178093075752258
Uskpm1noVrMxyMd5DknikpEe7LW2;ISBN0060973129;5.5323715806007385
Uskpm1noVrMxyMd5DknikpEe7LW2;ISBN0061000280;6.883004903793335
Uskpm1noVrMxyMd5DknikpEe7LW2;ISBN0140430423;5.475677192211151
Uskpm1noVrMxyMd5DknikpEe7LW2;ISBN0140621296;4.6596091985702515
Uskpm1noVrMxyMd5DknikpEe7LW2;ISBN0312978383;4.3252372443675995
Uskpm1noVrMxyMd5DknikpEe7LW2;ISBN0316769487;5.8691036105155945
Uskpm1noVrMxyMd5DknikpEe7LW2;ISBN0345402871;4.967532694339752
Uskpm1noVrMxyMd5DknikpEe7LW2;ISBN0345413903;4.979263603687286
Uskpm1noVrMxyMd5DknikpEe7LW2;ISBN0345450248;5.67782723903656
Uskpm1noVrMxyMd5DknikpEe7LW2;ISBN0374157065;4.185581594705582
Uskpm1noVrMxyMd5DknikpEe7LW2;ISBN0394562720;5.556676685810089
Uskpm1noVrMxyMd5DknikpEe7LW2;ISBN0394563158;4.702260613441467
Uskpm1noVrMxyMd5DknikpEe7LW2;ISBN0399144587;5.190852612257004
Uskpm1noVrMxyMd5DknikpEe7LW2;ISBN0399151788;6.228741705417633
Uskpm1noVrMxyMd5DknikpEe7LW2;ISBN0399234616;4.370352268218994
Uskpm1noVrMxyMd5DknikpEe7LW2;ISBN0425098559;6.338022410869598
Uskpm1noVrMxyMd5DknikpEe7LW2;ISBN0425099148;5.7526737451553345
Uskpm1noVrMxyMd5DknikpEe7LW2;ISBN0439095026;5.1809356808662415
Uskpm1noVrMxyMd5DknikpEe7LW2;ISBN0440234743;4.4552130699157715
Uskpm1noVrMxyMd5DknikpEe7LW2;ISBN0440400503;5.599246025085449
Uskpm1noVrMxyMd5DknikpEe7LW2;ISBN0446525537;5.758501648902893
Uskpm1noVrMxyMd5DknikpEe7LW2;ISBN0446607258;5.069395482540131
Uskpm1noVrMxyMd5DknikpEe7LW2;ISBN0446612545;5.663605093955994
Uskpm1noVrMxyMd5DknikpEe7LW2;ISBN0451166892;5.194550305604935
Uskpm1noVrMxyMd5DknikpEe7LW2;ISBN0451203925;5.424276947975159
Uskpm1noVrMxyMd5DknikpEe7LW2;ISBN0515069434;5.269284427165985
Uskpm1noVrMxyMd5DknikpEe7LW2;ISBN0553347594;4.983292281627655
Uskpm1noVrMxyMd5DknikpEe7LW2;ISBN0590437151;5.383328199386597
Uskpm1noVrMxyMd5DknikpEe7LW2;ISBN0609804618;5.859024405479431
Uskpm1noVrMxyMd5DknikpEe7LW2;ISBN0671019155;4.688055366277695
Uskpm1noVrMxyMd5DknikpEe7LW2;ISBN0671495534;5.14651945233345
Uskpm1noVrMxyMd5DknikpEe7LW2;ISBN0671526065;5.824522614479065
Uskpm1noVrMxyMd5DknikpEe7LW2;ISBN0671870432;4.824768364429474
Uskpm1noVrMxyMd5DknikpEe7LW2;ISBN0679425608;5.799292683601379
Uskpm1noVrMxyMd5DknikpEe7LW2;ISBN0679752927;5.2500119507312775
Uskpm1noVrMxyMd5DknikpEe7LW2;ISBN0684823802;5.1553535759449005
Uskpm1noVrMxyMd5DknikpEe7LW2;ISBN0756401860;5.397702157497406
Uskpm1noVrMxyMd5DknikpEe7LW2;ISBN0786868716;4.906698048114777
Uskpm1noVrMxyMd5DknikpEe7LW2;ISBN0800793013;4.8092102110385895
Uskpm1noVrMxyMd5DknikpEe7LW2;ISBN805423001;5.197966903448105
Uskpm1noVrMxyMd5DknikpEe7LW2;ISBN0806315326;4.631630539894104
Uskpm1noVrMxyMd5DknikpEe7LW2;ISBN0812561309;6.072423100471497
Uskpm1noVrMxyMd5DknikpEe7LW2;ISBN0812970802;5.4179627597332
Uskpm1noVrMxyMd5DknikpEe7LW2;ISBN0849951577;5.018330782651901
Uskpm1noVrMxyMd5DknikpEe7LW2;ISBN0907516084;5.144682943820953
Uskpm1noVrMxyMd5DknikpEe7LW2;ISBN1552041778;5.455756425857544
Uskpm1noVrMxyMd5DknikpEe7LW2;ISBN1567230148;5.404260158538818
Uskpm1noVrMxyMd5DknikpEe7LW2;ISBN1588720306;4.8711206912994385
Uskpm1noVrMxyMd5DknikpEe7LW2;ISBN006250746X;3.8176820278167725
Uskpm1noVrMxyMd5DknikpEe7LW2;ISBN051762639X;5.612716615200043
Uskpm1noVrMxyMd5DknikpEe7LW2;ISBN067976397X;4.4863371551036835
Uskpm1noVrMxyMd5DknikpEe7LW2;ISBNI2342341123;5.03878128528595
ZAwR3TJWYITOjBRrzJraBfnOVXE3;ISBN0002005018;5.4356918931007385
ZAwR3TJWYITOjBRrzJraBfnOVXE3;ISBN0060543957;5.191785484552383
ZAwR3TJWYITOjBRrzJraBfnOVXE3;ISBN0060973129;5.254905641078949
ZAwR3TJWYITOjBRrzJraBfnOVXE3;ISBN0061000280;5.31998085975647
ZAwR3TJWYITOjBRrzJraBfnOVXE3;ISBN0140430423;5.490383207798004
ZAwR3TJWYITOjBRrzJraBfnOVXE3;ISBN0140621296;5.371032685041428
ZAwR3TJWYITOjBRrzJraBfnOVXE3;ISBN0312978383;5.364233553409576
ZAwR3TJWYITOjBRrzJraBfnOVXE3;ISBN0316769487;5.284000366926193
ZAwR3TJWYITOjBRrzJraBfnOVXE3;ISBN0345402871;5.205158978700638
ZAwR3TJWYITOjBRrzJraBfnOVXE3;ISBN0345413903;5.286454051733017
ZAwR3TJWYITOjBRrzJraBfnOVXE3;ISBN0345450248;5.3712738156318665
ZAwR3TJWYITOjBRrzJraBfnOVXE3;ISBN0374157065;5.335757613182068
ZAwR3TJWYITOjBRrzJraBfnOVXE3;ISBN0394562720;5.207651823759079
ZAwR3TJWYITOjBRrzJraBfnOVXE3;ISBN0394563158;5.642644166946411
ZAwR3TJWYITOjBRrzJraBfnOVXE3;ISBN0399144587;5.622574806213379
ZAwR3TJWYITOjBRrzJraBfnOVXE3;ISBN0399151788;5.315691202878952
ZAwR3TJWYITOjBRrzJraBfnOVXE3;ISBN0399234616;5.2869733273983
ZAwR3TJWYITOjBRrzJraBfnOVXE3;ISBN0425098559;5.310013234615326
ZAwR3TJWYITOjBRrzJraBfnOVXE3;ISBN0425099148;5.560396909713745
ZAwR3TJWYITOjBRrzJraBfnOVXE3;ISBN0439095026;5.262297540903091
ZAwR3TJWYITOjBRrzJraBfnOVXE3;ISBN0440234743;5.514955997467041
ZAwR3TJWYITOjBRrzJraBfnOVXE3;ISBN0440400503;5.314276605844498
ZAwR3TJWYITOjBRrzJraBfnOVXE3;ISBN0446525537;5.475948631763458
ZAwR3TJWYITOjBRrzJraBfnOVXE3;ISBN0446607258;5.158363550901413
ZAwR3TJWYITOjBRrzJraBfnOVXE3;ISBN0446612545;5.284385532140732
ZAwR3TJWYITOjBRrzJraBfnOVXE3;ISBN0451166892;5.4066542983055115
ZAwR3TJWYITOjBRrzJraBfnOVXE3;ISBN0451203925;5.330042898654938
ZAwR3TJWYITOjBRrzJraBfnOVXE3;ISBN0515069434;5.41582316160202
ZAwR3TJWYITOjBRrzJraBfnOVXE3;ISBN0553347594;5.485050708055496
ZAwR3TJWYITOjBRrzJraBfnOVXE3;ISBN0590437151;5.455436438322067
ZAwR3TJWYITOjBRrzJraBfnOVXE3;ISBN0609804618;5.113184958696365
ZAwR3TJWYITOjBRrzJraBfnOVXE3;ISBN0671019155;5.372364401817322
ZAwR3TJWYITOjBRrzJraBfnOVXE3;ISBN0671495534;5.545224726200104
ZAwR3TJWYITOjBRrzJraBfnOVXE3;ISBN0671526065;5.488357067108154
ZAwR3TJWYITOjBRrzJraBfnOVXE3;ISBN0671870432;5.220873773097992
ZAwR3TJWYITOjBRrzJraBfnOVXE3;ISBN0679425608;5.4449243247509
ZAwR3TJWYITOjBRrzJraBfnOVXE3;ISBN0679752927;5.186582267284393
ZAwR3TJWYITOjBRrzJraBfnOVXE3;ISBN0684823802;5.3595753610134125
ZAwR3TJWYITOjBRrzJraBfnOVXE3;ISBN0756401860;5.460282385349274
ZAwR3TJWYITOjBRrzJraBfnOVXE3;ISBN0786868716;5.4995129108428955
ZAwR3TJWYITOjBRrzJraBfnOVXE3;ISBN0800793013;5.2003224194049835
ZAwR3TJWYITOjBRrzJraBfnOVXE3;ISBN805423001;5.413017839193344
ZAwR3TJWYITOjBRrzJraBfnOVXE3;ISBN0806315326;5.372511118650436
ZAwR3TJWYITOjBRrzJraBfnOVXE3;ISBN0812561309;5.4862684309482574
ZAwR3TJWYITOjBRrzJraBfnOVXE3;ISBN0812970802;5.397358566522598
ZAwR3TJWYITOjBRrzJraBfnOVXE3;ISBN0849951577;5.433034896850586
ZAwR3TJWYITOjBRrzJraBfnOVXE3;ISBN0907516084;5.312418103218079
ZAwR3TJWYITOjBRrzJraBfnOVXE3;ISBN1552041778;5.499235033988953
ZAwR3TJWYITOjBRrzJraBfnOVXE3;ISBN1567230148;5.432386338710785
ZAwR3TJWYITOjBRrzJraBfnOVXE3;ISBN1588720306;5.270614802837372
ZAwR3TJWYITOjBRrzJraBfnOVXE3;ISBN006250746X;5.1095859706401825
ZAwR3TJWYITOjBRrzJraBfnOVXE3;ISBN051762639X;5.125783294439316
ZAwR3TJWYITOjBRrzJraBfnOVXE3;ISBN067976397X;5.212767869234085
ZAwR3TJWYITOjBRrzJraBfnOVXE3;ISBNI2342341123;5.207452267408371
b4X7JOpA74Ze0zDi9bZbsPuctBJ2;ISBN0002005018;7.509041607379913
b4X7JOpA74Ze0zDi9bZbsPuctBJ2;ISBN0060543957;3.901938796043396
b4X7JOpA74Ze0zDi9bZbsPuctBJ2;ISBN0060973129;3.6033351719379425
b4X7JOpA74Ze0zDi9bZbsPuctBJ2;ISBN0061000280;4.4351493418216705
b4X7JOpA74Ze0zDi9bZbsPuctBJ2;ISBN0140430423;6.446075201034546
b4X7JOpA74Ze0zDi9bZbsPuctBJ2;ISBN0140621296;5.890428245067596
b4X7JOpA74Ze0zDi9bZbsPuctBJ2;ISBN0312978383;7.117295324802399
b4X7JOpA74Ze0zDi9bZbsPuctBJ2;ISBN0316769487;5.62836891412735
b4X7JOpA74Ze0zDi9bZbsPuctBJ2;ISBN0345402871;3.6792977452278137
b4X7JOpA74Ze0zDi9bZbsPuctBJ2;ISBN0345413903;4.662677377462387
b4X7JOpA74Ze0zDi9bZbsPuctBJ2;ISBN0345450248;5.818229079246521
b4X7JOpA74Ze0zDi9bZbsPuctBJ2;ISBN0374157065;6.801265120506287
b4X7JOpA74Ze0zDi9bZbsPuctBJ2;ISBN0394562720;4.308726638555527
b4X7JOpA74Ze0zDi9bZbsPuctBJ2;ISBN0394563158;9.5558642745018
b4X7JOpA74Ze0zDi9bZbsPuctBJ2;ISBN0399144587;9.307419300079346
b4X7JOpA74Ze0zDi9bZbsPuctBJ2;ISBN0399151788;5.278768986463547
b4X7JOpA74Ze0zDi9bZbsPuctBJ2;ISBN0399234616;3.907514303922653
b4X7JOpA74Ze0zDi9bZbsPuctBJ2;ISBN0425098559;4.343729734420776
b4X7JOpA74Ze0zDi9bZbsPuctBJ2;ISBN0425099148;7.187001645565033
b4X7JOpA74Ze0zDi9bZbsPuctBJ2;ISBN0439095026;5.339725136756897
b4X7JOpA74Ze0zDi9bZbsPuctBJ2;ISBN0440234743;7.870385050773621
b4X7JOpA74Ze0zDi9bZbsPuctBJ2;ISBN0440400503;4.684043049812317
b4X7JOpA74Ze0zDi9bZbsPuctBJ2;ISBN0446525537;6.73811411857605
b4X7JOpA74Ze0zDi9bZbsPuctBJ2;ISBN0446607258;4.900120198726654
b4X7JOpA74Ze0zDi9bZbsPuctBJ2;ISBN0446612545;4.0819268226623535
b4X7JOpA74Ze0zDi9bZbsPuctBJ2;ISBN0451166892;4.955710858106613
b4X7JOpA74Ze0zDi9bZbsPuctBJ2;ISBN0451203925;4.852035701274872
b4X7JOpA74Ze0zDi9bZbsPuctBJ2;ISBN0515069434;5.727106928825378
b4X7JOpA74Ze0zDi9bZbsPuctBJ2;ISBN0553347594;6.939463257789612
b4X7JOpA74Ze0zDi9bZbsPuctBJ2;ISBN0590437151;6.460829496383667
b4X7JOpA74Ze0zDi9bZbsPuctBJ2;ISBN0609804618;1.5077900774776936
b4X7JOpA74Ze0zDi9bZbsPuctBJ2;ISBN0671019155;5.053248316049576
b4X7JOpA74Ze0zDi9bZbsPuctBJ2;ISBN0671495534;5.6605886816978455
b4X7JOpA74Ze0zDi9bZbsPuctBJ2;ISBN0671526065;7.628206789493561
b4X7JOpA74Ze0zDi9bZbsPuctBJ2;ISBN0671870432;4.395687073469162
b4X7JOpA74Ze0zDi9bZbsPuctBJ2;ISBN0679425608;7.502814590930939
b4X7JOpA74Ze0zDi9bZbsPuctBJ2;ISBN0679752927;3.8896271884441376
b4X7JOpA74Ze0zDi9bZbsPuctBJ2;ISBN0684823802;5.835562586784363
b4X7JOpA74Ze0zDi9bZbsPuctBJ2;ISBN0756401860;7.047181844711304
b4X7JOpA74Ze0zDi9bZbsPuctBJ2;ISBN0786868716;5.419429391622543
b4X7JOpA74Ze0zDi9bZbsPuctBJ2;ISBN0800793013;3.8840589225292206
b4X7JOpA74Ze0zDi9bZbsPuctBJ2;ISBN805423001;5.566467821598053
b4X7JOpA74Ze0zDi9bZbsPuctBJ2;ISBN0806315326;5.253512501716614
b4X7JOpA74Ze0zDi9bZbsPuctBJ2;ISBN0812561309;6.143063902854919
b4X7JOpA74Ze0zDi9bZbsPuctBJ2;ISBN0812970802;6.481172442436218
b4X7JOpA74Ze0zDi9bZbsPuctBJ2;ISBN0849951577;5.055429756641388
b4X7JOpA74Ze0zDi9bZbsPuctBJ2;ISBN0907516084;4.8338653445243835
b4X7JOpA74Ze0zDi9bZbsPuctBJ2;ISBN1552041778;8.904841721057892
b4X7JOpA74Ze0zDi9bZbsPuctBJ2;ISBN1567230148;6.16506552696228
b4X7JOpA74Ze0zDi9bZbsPuctBJ2;ISBN1588720306;3.930923819541931
b4X7JOpA74Ze0zDi9bZbsPuctBJ2;ISBN006250746X;2.376514360308647
b4X7JOpA74Ze0zDi9bZbsPuctBJ2;ISBN051762639X;3.7976995706558228
b4X7JOpA74Ze0zDi9bZbsPuctBJ2;ISBN067976397X;4.0379820466041565
b4X7JOpA74Ze0zDi9bZbsPuctBJ2;ISBNI2342341123;3.8895263373851776
eY2FAxPZLMM61T1Ib3Ymc8MDh4h1;ISBN0002005018;5.709205329418182
eY2FAxPZLMM61T1Ib3Ymc8MDh4h1;ISBN0060543957;5.150027245283127
eY2FAxPZLMM61T1Ib3Ymc8MDh4h1;ISBN0060973129;5.076735615730286
eY2FAxPZLMM61T1Ib3Ymc8MDh4h1;ISBN0061000280;5.348150223493576
eY2FAxPZLMM61T1Ib3Ymc8MDh4h1;ISBN0140430423;5.486256897449493
eY2FAxPZLMM61T1Ib3Ymc8MDh4h1;ISBN0140621296;5.380004674196243
eY2FAxPZLMM61T1Ib3Ymc8MDh4h1;ISBN0312978383;5.602668523788452
eY2FAxPZLMM61T1Ib3Ymc8MDh4h1;ISBN0316769487;5.509243965148926
eY2FAxPZLMM61T1Ib3Ymc8MDh4h1;ISBN0345402871;5.06660383939743
eY2FAxPZLMM61T1Ib3Ymc8MDh4h1;ISBN0345413903;5.203491717576981
eY2FAxPZLMM61T1Ib3Ymc8MDh4h1;ISBN0345450248;5.4703371822834015
eY2FAxPZLMM61T1Ib3Ymc8MDh4h1;ISBN0374157065;5.546066403388977
eY2FAxPZLMM61T1Ib3Ymc8MDh4h1;ISBN0394562720;5.269852519035339
eY2FAxPZLMM61T1Ib3Ymc8MDh4h1;ISBN0394563158;5.926130056381226
eY2FAxPZLMM61T1Ib3Ymc8MDh4h1;ISBN0399144587;5.955834984779358
eY2FAxPZLMM61T1Ib3Ymc8MDh4h1;ISBN0399151788;5.457693785429001
eY2FAxPZLMM61T1Ib3Ymc8MDh4h1;ISBN0399234616;4.966406434774399
eY2FAxPZLMM61T1Ib3Ymc8MDh4h1;ISBN0425098559;5.268180698156357
eY2FAxPZLMM61T1Ib3Ymc8MDh4h1;ISBN0425099148;5.604669988155365
eY2FAxPZLMM61T1Ib3Ymc8MDh4h1;ISBN0439095026;5.395690500736237
eY2FAxPZLMM61T1Ib3Ymc8MDh4h1;ISBN0440234743;5.656233847141266
eY2FAxPZLMM61T1Ib3Ymc8MDh4h1;ISBN0440400503;5.253586530685425
eY2FAxPZLMM61T1Ib3Ymc8MDh4h1;ISBN0446525537;5.585951387882233
eY2FAxPZLMM61T1Ib3Ymc8MDh4h1;ISBN0446607258;5.375371426343918
eY2FAxPZLMM61T1Ib3Ymc8MDh4h1;ISBN0446612545;5.166418224573135
eY2FAxPZLMM61T1Ib3Ymc8MDh4h1;ISBN0451166892;5.191521018743515
eY2FAxPZLMM61T1Ib3Ymc8MDh4h1;ISBN0451203925;5.262861609458923
eY2FAxPZLMM61T1Ib3Ymc8MDh4h1;ISBN0515069434;5.35767126083374
eY2FAxPZLMM61T1Ib3Ymc8MDh4h1;ISBN0553347594;5.537079393863678
eY2FAxPZLMM61T1Ib3Ymc8MDh4h1;ISBN0590437151;5.506724834442139
eY2FAxPZLMM61T1Ib3Ymc8MDh4h1;ISBN0609804618;4.766721606254578
eY2FAxPZLMM61T1Ib3Ymc8MDh4h1;ISBN0671019155;5.1913464069366455
eY2FAxPZLMM61T1Ib3Ymc8MDh4h1;ISBN0671495534;5.221739321947098
eY2FAxPZLMM61T1Ib3Ymc8MDh4h1;ISBN0671526065;5.776646256446838
eY2FAxPZLMM61T1Ib3Ymc8MDh4h1;ISBN0671870432;5.1857649981975555
eY2FAxPZLMM61T1Ib3Ymc8MDh4h1;ISBN0679425608;5.777262091636658
eY2FAxPZLMM61T1Ib3Ymc8MDh4h1;ISBN0679752927;5.154813379049301
eY2FAxPZLMM61T1Ib3Ymc8MDh4h1;ISBN0684823802;5.429018020629883
eY2FAxPZLMM61T1Ib3Ymc8MDh4h1;ISBN0756401860;5.617871284484863
eY2FAxPZLMM61T1Ib3Ymc8MDh4h1;ISBN0786868716;5.185795038938522
eY2FAxPZLMM61T1Ib3Ymc8MDh4h1;ISBN0800793013;5.0914722084999084
eY2FAxPZLMM61T1Ib3Ymc8MDh4h1;ISBN805423001;5.3247050344944
eY2FAxPZLMM61T1Ib3Ymc8MDh4h1;ISBN0806315326;5.219294756650925
eY2FAxPZLMM61T1Ib3Ymc8MDh4h1;ISBN0812561309;5.479280740022659
eY2FAxPZLMM61T1Ib3Ymc8MDh4h1;ISBN0812970802;5.560421049594879
eY2FAxPZLMM61T1Ib3Ymc8MDh4h1;ISBN0849951577;5.1678167283535
eY2FAxPZLMM61T1Ib3Ymc8MDh4h1;ISBN0907516084;5.244216501712799
eY2FAxPZLMM61T1Ib3Ymc8MDh4h1;ISBN1552041778;6.001453995704651
eY2FAxPZLMM61T1Ib3Ymc8MDh4h1;ISBN1567230148;5.462248980998993
eY2FAxPZLMM61T1Ib3Ymc8MDh4h1;ISBN1588720306;5.0512844026088715
eY2FAxPZLMM61T1Ib3Ymc8MDh4h1;ISBN006250746X;4.7390076816082
eY2FAxPZLMM61T1Ib3Ymc8MDh4h1;ISBN051762639X;5.232190817594528
eY2FAxPZLMM61T1Ib3Ymc8MDh4h1;ISBN067976397X;5.073114365339279
eY2FAxPZLMM61T1Ib3Ymc8MDh4h1;ISBNI2342341123;5.118751615285873
gaZq9wa7JLaQQ1EEAxg65OVygzo2;ISBN0002005018;6.743966698646545
gaZq9wa7JLaQQ1EEAxg65OVygzo2;ISBN0060543957;4.44171941280365
gaZq9wa7JLaQQ1EEAxg65OVygzo2;ISBN0060973129;4.202596992254257
gaZq9wa7JLaQQ1EEAxg65OVygzo2;ISBN0061000280;4.2969836592674255
gaZq9wa7JLaQQ1EEAxg65OVygzo2;ISBN0140430423;6.049271881580353
gaZq9wa7JLaQQ1EEAxg65OVygzo2;ISBN0140621296;5.879972994327545
gaZq9wa7JLaQQ1EEAxg65OVygzo2;ISBN0312978383;6.690215229988098
gaZq9wa7JLaQQ1EEAxg65OVygzo2;ISBN0316769487;5.297789067029953
gaZq9wa7JLaQQ1EEAxg65OVygzo2;ISBN0345402871;4.397810578346252
gaZq9wa7JLaQQ1EEAxg65OVygzo2;ISBN0345413903;5.032329767942429
gaZq9wa7JLaQQ1EEAxg65OVygzo2;ISBN0345450248;5.51657497882843
gaZq9wa7JLaQQ1EEAxg65OVygzo2;ISBN0374157065;6.549198627471924
gaZq9wa7JLaQQ1EEAxg65OVygzo2;ISBN0394562720;4.549287527799606
gaZq9wa7JLaQQ1EEAxg65OVygzo2;ISBN0394563158;8.196415603160858
gaZq9wa7JLaQQ1EEAxg65OVygzo2;ISBN0399144587;7.88207733631134
gaZq9wa7JLaQQ1EEAxg65OVygzo2;ISBN0399151788;4.9726307690143585
gaZq9wa7JLaQQ1EEAxg65OVygzo2;ISBN0399234616;4.825753808021545
gaZq9wa7JLaQQ1EEAxg65OVygzo2;ISBN0425098559;4.432175308465958
gaZq9wa7JLaQQ1EEAxg65OVygzo2;ISBN0425099148;6.445243179798126
gaZq9wa7JLaQQ1EEAxg65OVygzo2;ISBN0439095026;5.321923851966858
gaZq9wa7JLaQQ1EEAxg65OVygzo2;ISBN0440234743;7.215556979179382
gaZq9wa7JLaQQ1EEAxg65OVygzo2;ISBN0440400503;4.884005755186081
gaZq9wa7JLaQQ1EEAxg65OVygzo2;ISBN0446525537;6.110445559024811
gaZq9wa7JLaQQ1EEAxg65OVygzo2;ISBN0446607258;5.058620780706406
gaZq9wa7JLaQQ1EEAxg65OVygzo2;ISBN0446612545;4.480630487203598
gaZq9wa7JLaQQ1EEAxg65OVygzo2;ISBN0451166892;5.255546689033508
gaZq9wa7JLaQQ1EEAxg65OVygzo2;ISBN0451203925;5.02880722284317
gaZq9wa7JLaQQ1EEAxg65OVygzo2;ISBN0515069434;5.663849711418152
gaZq9wa7JLaQQ1EEAxg65OVygzo2;ISBN0553347594;6.482260882854462
gaZq9wa7JLaQQ1EEAxg65OVygzo2;ISBN0590437151;6.066729307174683
gaZq9wa7JLaQQ1EEAxg65OVygzo2;ISBN0609804618;2.80534365773201
gaZq9wa7JLaQQ1EEAxg65OVygzo2;ISBN0671019155;5.429413914680481
gaZq9wa7JLaQQ1EEAxg65OVygzo2;ISBN0671495534;5.767174303531647
gaZq9wa7JLaQQ1EEAxg65OVygzo2;ISBN0671526065;6.611785292625427
gaZq9wa7JLaQQ1EEAxg65OVygzo2;ISBN0671870432;4.868955075740814
gaZq9wa7JLaQQ1EEAxg65OVygzo2;ISBN0679425608;6.513493597507477
gaZq9wa7JLaQQ1EEAxg65OVygzo2;ISBN0679752927;4.415409088134766
gaZq9wa7JLaQQ1EEAxg65OVygzo2;ISBN0684823802;5.705729722976685
gaZq9wa7JLaQQ1EEAxg65OVygzo2;ISBN0756401860;6.392068922519684
gaZq9wa7JLaQQ1EEAxg65OVygzo2;ISBN0786868716;5.640135765075684
gaZq9wa7JLaQQ1EEAxg65OVygzo2;ISBN0800793013;4.569235384464264
gaZq9wa7JLaQQ1EEAxg65OVygzo2;ISBN805423001;5.57203608751297
gaZq9wa7JLaQQ1EEAxg65OVygzo2;ISBN0806315326;5.553443014621735
gaZq9wa7JLaQQ1EEAxg65OVygzo2;ISBN0812561309;5.680874228477478
gaZq9wa7JLaQQ1EEAxg65OVygzo2;ISBN0812970802;6.008474409580231
gaZq9wa7JLaQQ1EEAxg65OVygzo2;ISBN0849951577;5.3713483810424805
gaZq9wa7JLaQQ1EEAxg65OVygzo2;ISBN0907516084;5.097075343132019
gaZq9wa7JLaQQ1EEAxg65OVygzo2;ISBN1552041778;7.459994196891785
gaZq9wa7JLaQQ1EEAxg65OVygzo2;ISBN1567230148;5.875708281993866
gaZq9wa7JLaQQ1EEAxg65OVygzo2;ISBN1588720306;4.626678913831711
gaZq9wa7JLaQQ1EEAxg65OVygzo2;ISBN006250746X;3.9657053649425507
gaZq9wa7JLaQQ1EEAxg65OVygzo2;ISBN051762639X;4.174146264791489
gaZq9wa7JLaQQ1EEAxg65OVygzo2;ISBN067976397X;4.764809727668762
gaZq9wa7JLaQQ1EEAxg65OVygzo2;ISBNI2342341123;4.4976973831653595
jjcGw8JaxiTNg7Jn916lQGBwnPz1;ISBN0002005018;7.574267566204071
jjcGw8JaxiTNg7Jn916lQGBwnPz1;ISBN0060543957;3.8155786395072937
jjcGw8JaxiTNg7Jn916lQGBwnPz1;ISBN0060973129;3.5708208978176117
jjcGw8JaxiTNg7Jn916lQGBwnPz1;ISBN0061000280;5.015617996454239
jjcGw8JaxiTNg7Jn916lQGBwnPz1;ISBN0140430423;6.5210660099983215
jjcGw8JaxiTNg7Jn916lQGBwnPz1;ISBN0140621296;5.627363622188568
jjcGw8JaxiTNg7Jn916lQGBwnPz1;ISBN0312978383;6.82523387670517
jjcGw8JaxiTNg7Jn916lQGBwnPz1;ISBN0316769487;5.948936879634857
jjcGw8JaxiTNg7Jn916lQGBwnPz1;ISBN0345402871;3.4488938450813293
jjcGw8JaxiTNg7Jn916lQGBwnPz1;ISBN0345413903;4.471244901418686
jjcGw8JaxiTNg7Jn916lQGBwnPz1;ISBN0345450248;5.991003572940826
jjcGw8JaxiTNg7Jn916lQGBwnPz1;ISBN0374157065;6.506899654865265
jjcGw8JaxiTNg7Jn916lQGBwnPz1;ISBN0394562720;4.393531382083893
jjcGw8JaxiTNg7Jn916lQGBwnPz1;ISBN0394563158;9.428353130817413
jjcGw8JaxiTNg7Jn916lQGBwnPz1;ISBN0399144587;9.442800045013428
jjcGw8JaxiTNg7Jn916lQGBwnPz1;ISBN0399151788;5.62331885099411
jjcGw8JaxiTNg7Jn916lQGBwnPz1;ISBN0399234616;3.393631488084793
jjcGw8JaxiTNg7Jn916lQGBwnPz1;ISBN0425098559;4.7115930914878845
jjcGw8JaxiTNg7Jn916lQGBwnPz1;ISBN0425099148;7.354566752910614
jjcGw8JaxiTNg7Jn916lQGBwnPz1;ISBN0439095026;5.338334411382675
jjcGw8JaxiTNg7Jn916lQGBwnPz1;ISBN0440234743;7.648853361606598
jjcGw8JaxiTNg7Jn916lQGBwnPz1;ISBN0440400503;4.784652978181839
jjcGw8JaxiTNg7Jn916lQGBwnPz1;ISBN0446525537;6.9440648555755615
jjcGw8JaxiTNg7Jn916lQGBwnPz1;ISBN0446607258;4.996210068464279
jjcGw8JaxiTNg7Jn916lQGBwnPz1;ISBN0446612545;4.169181227684021
jjcGw8JaxiTNg7Jn916lQGBwnPz1;ISBN0451166892;4.859982013702393
jjcGw8JaxiTNg7Jn916lQGBwnPz1;ISBN0451203925;4.859014272689819
jjcGw8JaxiTNg7Jn916lQGBwnPz1;ISBN0515069434;5.7037593722343445
jjcGw8JaxiTNg7Jn916lQGBwnPz1;ISBN0553347594;6.831136345863342
jjcGw8JaxiTNg7Jn916lQGBwnPz1;ISBN0590437151;6.550193190574646
jjcGw8JaxiTNg7Jn916lQGBwnPz1;ISBN0609804618;1.4961435906589031
jjcGw8JaxiTNg7Jn916lQGBwnPz1;ISBN0671019155;4.754122465848923
jjcGw8JaxiTNg7Jn916lQGBwnPz1;ISBN0671495534;5.408010959625244
jjcGw8JaxiTNg7Jn916lQGBwnPz1;ISBN0671526065;7.991279721260071
jjcGw8JaxiTNg7Jn916lQGBwnPz1;ISBN0671870432;4.154696226119995
jjcGw8JaxiTNg7Jn916lQGBwnPz1;ISBN0679425608;7.84998095035553
jjcGw8JaxiTNg7Jn916lQGBwnPz1;ISBN0679752927;3.822932720184326
jjcGw8JaxiTNg7Jn916lQGBwnPz1;ISBN0684823802;5.856341123580933
jjcGw8JaxiTNg7Jn916lQGBwnPz1;ISBN0756401860;7.131409645080566
jjcGw8JaxiTNg7Jn916lQGBwnPz1;ISBN0786868716;5.037794500589371
jjcGw8JaxiTNg7Jn916lQGBwnPz1;ISBN0800793013;3.611656993627548
jjcGw8JaxiTNg7Jn916lQGBwnPz1;ISBN805423001;5.4627964198589325
jjcGw8JaxiTNg7Jn916lQGBwnPz1;ISBN0806315326;4.877553701400757
jjcGw8JaxiTNg7Jn916lQGBwnPz1;ISBN0812561309;6.412759482860565
jjcGw8JaxiTNg7Jn916lQGBwnPz1;ISBN0812970802;6.592257738113403
jjcGw8JaxiTNg7Jn916lQGBwnPz1;ISBN0849951577;4.790667563676834
jjcGw8JaxiTNg7Jn916lQGBwnPz1;ISBN0907516084;4.750226557254791
jjcGw8JaxiTNg7Jn916lQGBwnPz1;ISBN1552041778;9.215403437614441
jjcGw8JaxiTNg7Jn916lQGBwnPz1;ISBN1567230148;6.240711331367493
jjcGw8JaxiTNg7Jn916lQGBwnPz1;ISBN1588720306;3.6102855801582336
jjcGw8JaxiTNg7Jn916lQGBwnPz1;ISBN006250746X;1.6307537034153938
jjcGw8JaxiTNg7Jn916lQGBwnPz1;ISBN051762639X;3.9276544749736786
jjcGw8JaxiTNg7Jn916lQGBwnPz1;ISBN067976397X;3.578618884086609
jjcGw8JaxiTNg7Jn916lQGBwnPz1;ISBNI2342341123;3.726573556661606
lJQmUN3ijlQiGka4TtK2C47GCSF3;ISBN0002005018;3.796198070049286
lJQmUN3ijlQiGka4TtK2C47GCSF3;ISBN0060543957;5.661591291427612
lJQmUN3ijlQiGka4TtK2C47GCSF3;ISBN0060973129;6.530701577663422
lJQmUN3ijlQiGka4TtK2C47GCSF3;ISBN0061000280;8.45344740152359
lJQmUN3ijlQiGka4TtK2C47GCSF3;ISBN0140430423;5.124612778425217
lJQmUN3ijlQiGka4TtK2C47GCSF3;ISBN0140621296;3.925821453332901
lJQmUN3ijlQiGka4TtK2C47GCSF3;ISBN0312978383;2.683891087770462
lJQmUN3ijlQiGka4TtK2C47GCSF3;ISBN0316769487;5.982131361961365
lJQmUN3ijlQiGka4TtK2C47GCSF3;ISBN0345402871;5.44770872592926
lJQmUN3ijlQiGka4TtK2C47GCSF3;ISBN0345413903;5.030388116836548
lJQmUN3ijlQiGka4TtK2C47GCSF3;ISBN0345450248;5.687933802604675
lJQmUN3ijlQiGka4TtK2C47GCSF3;ISBN0374157065;2.513180688023567
lJQmUN3ijlQiGka4TtK2C47GCSF3;ISBN0394562720;6.132271230220795
lJQmUN3ijlQiGka4TtK2C47GCSF3;ISBN0394563158;2.34046171605587
lJQmUN3ijlQiGka4TtK2C47GCSF3;ISBN0399144587;3.2393669188022614
lJQmUN3ijlQiGka4TtK2C47GCSF3;ISBN0399151788;6.909078657627106
lJQmUN3ijlQiGka4TtK2C47GCSF3;ISBN0399234616;4.3662742376327515
lJQmUN3ijlQiGka4TtK2C47GCSF3;ISBN0425098559;7.530381262302399
lJQmUN3ijlQiGka4TtK2C47GCSF3;ISBN0425099148;5.294409483671188
lJQmUN3ijlQiGka4TtK2C47GCSF3;ISBN0439095026;4.963628470897675
lJQmUN3ijlQiGka4TtK2C47GCSF3;ISBN0440234743;2.6265446543693542
lJQmUN3ijlQiGka4TtK2C47GCSF3;ISBN0440400503;6.055834174156189
lJQmUN3ijlQiGka4TtK2C47GCSF3;ISBN0446525537;5.455777883529663
lJQmUN3ijlQiGka4TtK2C47GCSF3;ISBN0446607258;4.790903061628342
lJQmUN3ijlQiGka4TtK2C47GCSF3;ISBN0446612545;6.478828191757202
lJQmUN3ijlQiGka4TtK2C47GCSF3;ISBN0451166892;5.307291865348816
lJQmUN3ijlQiGka4TtK2C47GCSF3;ISBN0451203925;5.716116845607758
lJQmUN3ijlQiGka4TtK2C47GCSF3;ISBN0515069434;5.059841185808182
lJQmUN3ijlQiGka4TtK2C47GCSF3;ISBN0553347594;4.030481249094009
lJQmUN3ijlQiGka4TtK2C47GCSF3;ISBN0590437151;4.895321995019913
lJQmUN3ijlQiGka4TtK2C47GCSF3;ISBN0609804618;8.047983765602112
lJQmUN3ijlQiGka4TtK2C47GCSF3;ISBN0671019155;4.389884918928146
lJQmUN3ijlQiGka4TtK2C47GCSF3;ISBN0671495534;5.095736384391785
lJQmUN3ijlQiGka4TtK2C47GCSF3;ISBN0671526065;5.067835509777069
lJQmUN3ijlQiGka4TtK2C47GCSF3;ISBN0671870432;4.834125518798828
lJQmUN3ijlQiGka4TtK2C47GCSF3;ISBN0679425608;5.051368892192841
lJQmUN3ijlQiGka4TtK2C47GCSF3;ISBN0679752927;5.792416572570801
lJQmUN3ijlQiGka4TtK2C47GCSF3;ISBN0684823802;4.716556251049042
lJQmUN3ijlQiGka4TtK2C47GCSF3;ISBN0756401860;4.649295300245285
lJQmUN3ijlQiGka4TtK2C47GCSF3;ISBN0786868716;4.816921561956406
lJQmUN3ijlQiGka4TtK2C47GCSF3;ISBN0800793013;5.056591689586639
lJQmUN3ijlQiGka4TtK2C47GCSF3;ISBN805423001;5.063473969697952
lJQmUN3ijlQiGka4TtK2C47GCSF3;ISBN0806315326;4.2222540974617
lJQmUN3ijlQiGka4TtK2C47GCSF3;ISBN0812561309;6.334980249404907
lJQmUN3ijlQiGka4TtK2C47GCSF3;ISBN0812970802;4.9105091989040375
lJQmUN3ijlQiGka4TtK2C47GCSF3;ISBN0849951577;5.044673830270767
lJQmUN3ijlQiGka4TtK2C47GCSF3;ISBN0907516084;5.226474225521088
lJQmUN3ijlQiGka4TtK2C47GCSF3;ISBN1552041778;3.7539366483688354
lJQmUN3ijlQiGka4TtK2C47GCSF3;ISBN1567230148;5.069351226091385
lJQmUN3ijlQiGka4TtK2C47GCSF3;ISBN1588720306;5.245266318321228
lJQmUN3ijlQiGka4TtK2C47GCSF3;ISBN006250746X;4.045914143323898
lJQmUN3ijlQiGka4TtK2C47GCSF3;ISBN051762639X;6.40263307094574
lJQmUN3ijlQiGka4TtK2C47GCSF3;ISBN067976397X;4.481971323490143
lJQmUN3ijlQiGka4TtK2C47GCSF3;ISBNI2342341123;5.444099545478821
mqshi6MGnOQWBW7AdnFQOAbu72V2;ISBN0002005018;3.3874259293079376
mqshi6MGnOQWBW7AdnFQOAbu72V2;ISBN0060543957;6.513814926147461
mqshi6MGnOQWBW7AdnFQOAbu72V2;ISBN0060973129;6.90897136926651
mqshi6MGnOQWBW7AdnFQOAbu72V2;ISBN0061000280;6.425140559673309
mqshi6MGnOQWBW7AdnFQOAbu72V2;ISBN0140430423;4.476640433073044
mqshi6MGnOQWBW7AdnFQOAbu72V2;ISBN0140621296;4.773410499095917
mqshi6MGnOQWBW7AdnFQOAbu72V2;ISBN0312978383;3.5875205993652344
mqshi6MGnOQWBW7AdnFQOAbu72V2;ISBN0316769487;5.109384268522263
mqshi6MGnOQWBW7AdnFQOAbu72V2;ISBN0345402871;6.700606107711792
mqshi6MGnOQWBW7AdnFQOAbu72V2;ISBN0345413903;5.85895037651062
mqshi6MGnOQWBW7AdnFQOAbu72V2;ISBN0345450248;4.999463051557541
mqshi6MGnOQWBW7AdnFQOAbu72V2;ISBN0374157065;3.7980992197990417
mqshi6MGnOQWBW7AdnFQOAbu72V2;ISBN0394562720;6.234638273715973
mqshi6MGnOQWBW7AdnFQOAbu72V2;ISBN0394563158;1.6480477154254913
mqshi6MGnOQWBW7AdnFQOAbu72V2;ISBN0399144587;1.9209801852703094
mqshi6MGnOQWBW7AdnFQOAbu72V2;ISBN0399151788;5.563876807689667
mqshi6MGnOQWBW7AdnFQOAbu72V2;ISBN0399234616;6.426494002342224
mqshi6MGnOQWBW7AdnFQOAbu72V2;ISBN0425098559;6.385557055473328
mqshi6MGnOQWBW7AdnFQOAbu72V2;ISBN0425099148;3.912425696849823
mqshi6MGnOQWBW7AdnFQOAbu72V2;ISBN0439095026;5.25636824965477
mqshi6MGnOQWBW7AdnFQOAbu72V2;ISBN0440234743;3.0136559456586838
mqshi6MGnOQWBW7AdnFQOAbu72V2;ISBN0440400503;5.940181076526642
mqshi6MGnOQWBW7AdnFQOAbu72V2;ISBN0446525537;4.256195306777954
mqshi6MGnOQWBW7AdnFQOAbu72V2;ISBN0446607258;5.494330883026123
mqshi6MGnOQWBW7AdnFQOAbu72V2;ISBN0446612545;6.490926563739777
mqshi6MGnOQWBW7AdnFQOAbu72V2;ISBN0451166892;5.685916244983673
mqshi6MGnOQWBW7AdnFQOAbu72V2;ISBN0451203925;5.79236775636673
mqshi6MGnOQWBW7AdnFQOAbu72V2;ISBN0515069434;5.020115524530411
mqshi6MGnOQWBW7AdnFQOAbu72V2;ISBN0553347594;3.9480773508548737
mqshi6MGnOQWBW7AdnFQOAbu72V2;ISBN0590437151;4.404248416423798
mqshi6MGnOQWBW7AdnFQOAbu72V2;ISBN0609804618;8.755879878997803
mqshi6MGnOQWBW7AdnFQOAbu72V2;ISBN0671019155;5.5035094022750854
mqshi6MGnOQWBW7AdnFQOAbu72V2;ISBN0671495534;5.1943665742874146
mqshi6MGnOQWBW7AdnFQOAbu72V2;ISBN0671526065;3.4418997168540955
mqshi6MGnOQWBW7AdnFQOAbu72V2;ISBN0671870432;6.033705949783325
mqshi6MGnOQWBW7AdnFQOAbu72V2;ISBN0679425608;3.5246053636074066
mqshi6MGnOQWBW7AdnFQOAbu72V2;ISBN0679752927;6.532051265239716
mqshi6MGnOQWBW7AdnFQOAbu72V2;ISBN0684823802;4.854521840810776
mqshi6MGnOQWBW7AdnFQOAbu72V2;ISBN0756401860;3.8998222649097443
mqshi6MGnOQWBW7AdnFQOAbu72V2;ISBN0786868716;5.36786150932312
mqshi6MGnOQWBW7AdnFQOAbu72V2;ISBN0800793013;6.475688934326172
mqshi6MGnOQWBW7AdnFQOAbu72V2;ISBN805423001;5.1805979907512665
mqshi6MGnOQWBW7AdnFQOAbu72V2;ISBN0806315326;5.343347191810608
mqshi6MGnOQWBW7AdnFQOAbu72V2;ISBN0812561309;4.8546779453754425
mqshi6MGnOQWBW7AdnFQOAbu72V2;ISBN0812970802;4.365415662527084
mqshi6MGnOQWBW7AdnFQOAbu72V2;ISBN0849951577;5.628924667835236
mqshi6MGnOQWBW7AdnFQOAbu72V2;ISBN0907516084;5.738976240158081
mqshi6MGnOQWBW7AdnFQOAbu72V2;ISBN1552041778;2.2360124737024307
mqshi6MGnOQWBW7AdnFQOAbu72V2;ISBN1567230148;4.661823898553848
mqshi6MGnOQWBW7AdnFQOAbu72V2;ISBN1588720306;6.51264226436615
mqshi6MGnOQWBW7AdnFQOAbu72V2;ISBN006250746X;7.598768472671509
mqshi6MGnOQWBW7AdnFQOAbu72V2;ISBN051762639X;6.639652371406555
mqshi6MGnOQWBW7AdnFQOAbu72V2;ISBN067976397X;6.313179790973663
mqshi6MGnOQWBW7AdnFQOAbu72V2;ISBNI2342341123;6.515027821063995
ngauYpbfv9hCCFJLNXwFiqPRDpv2;ISBN0002005018;7.038727521896362
ngauYpbfv9hCCFJLNXwFiqPRDpv2;ISBN0060543957;4.2009297311306
ngauYpbfv9hCCFJLNXwFiqPRDpv2;ISBN0060973129;3.9933508932590485
ngauYpbfv9hCCFJLNXwFiqPRDpv2;ISBN0061000280;4.950344562530518
ngauYpbfv9hCCFJLNXwFiqPRDpv2;ISBN0140430423;6.2046608328819275
ngauYpbfv9hCCFJLNXwFiqPRDpv2;ISBN0140621296;5.638775885105133
ngauYpbfv9hCCFJLNXwFiqPRDpv2;ISBN0312978383;6.596188247203827
ngauYpbfv9hCCFJLNXwFiqPRDpv2;ISBN0316769487;5.736621260643005
ngauYpbfv9hCCFJLNXwFiqPRDpv2;ISBN0345402871;3.95140677690506
ngauYpbfv9hCCFJLNXwFiqPRDpv2;ISBN0345413903;4.7297079265117645
ngauYpbfv9hCCFJLNXwFiqPRDpv2;ISBN0345450248;5.80619078874588
ngauYpbfv9hCCFJLNXwFiqPRDpv2;ISBN0374157065;6.3036118149757385
ngauYpbfv9hCCFJLNXwFiqPRDpv2;ISBN0394562720;4.62524688243866
ngauYpbfv9hCCFJLNXwFiqPRDpv2;ISBN0394563158;8.552706837654114
ngauYpbfv9hCCFJLNXwFiqPRDpv2;ISBN0399144587;8.460533261299133
ngauYpbfv9hCCFJLNXwFiqPRDpv2;ISBN0399151788;5.521355748176575
ngauYpbfv9hCCFJLNXwFiqPRDpv2;ISBN0399234616;3.9424052834510803
ngauYpbfv9hCCFJLNXwFiqPRDpv2;ISBN0425098559;4.7524415254592896
ngauYpbfv9hCCFJLNXwFiqPRDpv2;ISBN0425099148;6.843026578426361
ngauYpbfv9hCCFJLNXwFiqPRDpv2;ISBN0439095026;5.362535715103149
ngauYpbfv9hCCFJLNXwFiqPRDpv2;ISBN0440234743;7.158266067504883
ngauYpbfv9hCCFJLNXwFiqPRDpv2;ISBN0440400503;4.85632187128067
ngauYpbfv9hCCFJLNXwFiqPRDpv2;ISBN0446525537;6.525040507316589
ngauYpbfv9hCCFJLNXwFiqPRDpv2;ISBN0446607258;5.014133393764496
ngauYpbfv9hCCFJLNXwFiqPRDpv2;ISBN0446612545;4.389865875244141
ngauYpbfv9hCCFJLNXwFiqPRDpv2;ISBN0451166892;4.931214511394501
ngauYpbfv9hCCFJLNXwFiqPRDpv2;ISBN0451203925;4.958971619606018
ngauYpbfv9hCCFJLNXwFiqPRDpv2;ISBN0515069434;5.598920941352844
ngauYpbfv9hCCFJLNXwFiqPRDpv2;ISBN0553347594;6.516018629074097
ngauYpbfv9hCCFJLNXwFiqPRDpv2;ISBN0590437151;6.21607631444931
ngauYpbfv9hCCFJLNXwFiqPRDpv2;ISBN0609804618;2.386058196425438
ngauYpbfv9hCCFJLNXwFiqPRDpv2;ISBN0671019155;4.931239187717438
ngauYpbfv9hCCFJLNXwFiqPRDpv2;ISBN0671495534;5.433526813983917
ngauYpbfv9hCCFJLNXwFiqPRDpv2;ISBN0671526065;7.280927240848541
ngauYpbfv9hCCFJLNXwFiqPRDpv2;ISBN0671870432;4.510795682668686
ngauYpbfv9hCCFJLNXwFiqPRDpv2;ISBN0679425608;7.195283770561218
ngauYpbfv9hCCFJLNXwFiqPRDpv2;ISBN0679752927;4.206041216850281
ngauYpbfv9hCCFJLNXwFiqPRDpv2;ISBN0684823802;5.698052167892456
ngauYpbfv9hCCFJLNXwFiqPRDpv2;ISBN0756401860;6.715081989765167
ngauYpbfv9hCCFJLNXwFiqPRDpv2;ISBN0786868716;5.22579026222229
ngauYpbfv9hCCFJLNXwFiqPRDpv2;ISBN0800793013;4.090581238269806
ngauYpbfv9hCCFJLNXwFiqPRDpv2;ISBN805423001;5.458161026239395
ngauYpbfv9hCCFJLNXwFiqPRDpv2;ISBN0806315326;5.085365891456604
ngauYpbfv9hCCFJLNXwFiqPRDpv2;ISBN0812561309;6.096735179424286
ngauYpbfv9hCCFJLNXwFiqPRDpv2;ISBN0812970802;6.283183038234711
ngauYpbfv9hCCFJLNXwFiqPRDpv2;ISBN0849951577;4.96581768989563
ngauYpbfv9hCCFJLNXwFiqPRDpv2;ISBN0907516084;4.895008444786072
ngauYpbfv9hCCFJLNXwFiqPRDpv2;ISBN1552041778;8.25870668888092
ngauYpbfv9hCCFJLNXwFiqPRDpv2;ISBN1567230148;5.984451472759247
ngauYpbfv9hCCFJLNXwFiqPRDpv2;ISBN1588720306;4.104147851467133
ngauYpbfv9hCCFJLNXwFiqPRDpv2;ISBN006250746X;2.6505622267723083
ngauYpbfv9hCCFJLNXwFiqPRDpv2;ISBN051762639X;4.261572331190109
ngauYpbfv9hCCFJLNXwFiqPRDpv2;ISBN067976397X;4.144363820552826
ngauYpbfv9hCCFJLNXwFiqPRDpv2;ISBNI2342341123;4.142241925001144
sB6ZvimD2lXZhX4CVa0mtTCDFzc2;ISBN0002005018;5.2009731233119965
sB6ZvimD2lXZhX4CVa0mtTCDFzc2;ISBN0060543957;5.197184503078461
sB6ZvimD2lXZhX4CVa0mtTCDFzc2;ISBN0060973129;5.4303604662418365
sB6ZvimD2lXZhX4CVa0mtTCDFzc2;ISBN0061000280;6.015215873718262
sB6ZvimD2lXZhX4CVa0mtTCDFzc2;ISBN0140430423;5.482299029827118
sB6ZvimD2lXZhX4CVa0mtTCDFzc2;ISBN0140621296;5.047677099704742
sB6ZvimD2lXZhX4CVa0mtTCDFzc2;ISBN0312978383;4.8346032202243805
sB6ZvimD2lXZhX4CVa0mtTCDFzc2;ISBN0316769487;5.484167188405991
sB6ZvimD2lXZhX4CVa0mtTCDFzc2;ISBN0345402871;5.139900296926498
sB6ZvimD2lXZhX4CVa0mtTCDFzc2;ISBN0345413903;5.175434470176697
sB6ZvimD2lXZhX4CVa0mtTCDFzc2;ISBN0345450248;5.477711379528046
sB6ZvimD2lXZhX4CVa0mtTCDFzc2;ISBN0374157065;4.761441946029663
sB6ZvimD2lXZhX4CVa0mtTCDFzc2;ISBN0394562720;5.346525073051453
sB6ZvimD2lXZhX4CVa0mtTCDFzc2;ISBN0394563158;5.137366950511932
sB6ZvimD2lXZhX4CVa0mtTCDFzc2;ISBN0399144587;5.3318721652030945
sB6ZvimD2lXZhX4CVa0mtTCDFzc2;ISBN0399151788;5.686741828918457
sB6ZvimD2lXZhX4CVa0mtTCDFzc2;ISBN0399234616;4.970928102731705
sB6ZvimD2lXZhX4CVa0mtTCDFzc2;ISBN0425098559;5.784337759017944
sB6ZvimD2lXZhX4CVa0mtTCDFzc2;ISBN0425099148;5.62944233417511
sB6ZvimD2lXZhX4CVa0mtTCDFzc2;ISBN0439095026;5.186937659978867
sB6ZvimD2lXZhX4CVa0mtTCDFzc2;ISBN0440234743;4.996385484933853
sB6ZvimD2lXZhX4CVa0mtTCDFzc2;ISBN0440400503;5.461766988039017
sB6ZvimD2lXZhX4CVa0mtTCDFzc2;ISBN0446525537;5.571751773357391
sB6ZvimD2lXZhX4CVa0mtTCDFzc2;ISBN0446607258;5.063707858324051
sB6ZvimD2lXZhX4CVa0mtTCDFzc2;ISBN0446612545;5.491601198911667
sB6ZvimD2lXZhX4CVa0mtTCDFzc2;ISBN0451166892;5.371515482664108
sB6ZvimD2lXZhX4CVa0mtTCDFzc2;ISBN0451203925;5.389152348041534
sB6ZvimD2lXZhX4CVa0mtTCDFzc2;ISBN0515069434;5.365529328584671
sB6ZvimD2lXZhX4CVa0mtTCDFzc2;ISBN0553347594;5.242929846048355
sB6ZvimD2lXZhX4CVa0mtTCDFzc2;ISBN0590437151;5.407136291265488
sB6ZvimD2lXZhX4CVa0mtTCDFzc2;ISBN0609804618;5.549882650375366
sB6ZvimD2lXZhX4CVa0mtTCDFzc2;ISBN0671019155;5.119741350412369
sB6ZvimD2lXZhX4CVa0mtTCDFzc2;ISBN0671495534;5.459110528230667
sB6ZvimD2lXZhX4CVa0mtTCDFzc2;ISBN0671526065;5.557894945144653
sB6ZvimD2lXZhX4CVa0mtTCDFzc2;ISBN0671870432;5.05554723739624
sB6ZvimD2lXZhX4CVa0mtTCDFzc2;ISBN0679425608;5.512212634086609
sB6ZvimD2lXZhX4CVa0mtTCDFzc2;ISBN0679752927;5.229329168796539
sB6ZvimD2lXZhX4CVa0mtTCDFzc2;ISBN0684823802;5.247984737157822
sB6ZvimD2lXZhX4CVa0mtTCDFzc2;ISBN0756401860;5.383713632822037
sB6ZvimD2lXZhX4CVa0mtTCDFzc2;ISBN0786868716;5.318853795528412
sB6ZvimD2lXZhX4CVa0mtTCDFzc2;ISBN0800793013;5.0587353110313416
sB6ZvimD2lXZhX4CVa0mtTCDFzc2;ISBN805423001;5.3401859402656555
sB6ZvimD2lXZhX4CVa0mtTCDFzc2;ISBN0806315326;5.084212273359299
sB6ZvimD2lXZhX4CVa0mtTCDFzc2;ISBN0812561309;5.74897176027298
sB6ZvimD2lXZhX4CVa0mtTCDFzc2;ISBN0812970802;5.361975133419037
sB6ZvimD2lXZhX4CVa0mtTCDFzc2;ISBN0849951577;5.317656189203262
sB6ZvimD2lXZhX4CVa0mtTCDFzc2;ISBN0907516084;5.257174253463745
sB6ZvimD2lXZhX4CVa0mtTCDFzc2;ISBN1552041778;5.335375130176544
sB6ZvimD2lXZhX4CVa0mtTCDFzc2;ISBN1567230148;5.412119835615158
sB6ZvimD2lXZhX4CVa0mtTCDFzc2;ISBN1588720306;5.154665857553482
sB6ZvimD2lXZhX4CVa0mtTCDFzc2;ISBN006250746X;4.639686286449432
sB6ZvimD2lXZhX4CVa0mtTCDFzc2;ISBN051762639X;5.315049082040787
sB6ZvimD2lXZhX4CVa0mtTCDFzc2;ISBN067976397X;4.931363642215729
sB6ZvimD2lXZhX4CVa0mtTCDFzc2;ISBNI2342341123;5.157916158437729
u4QcAfCEW3Wo4TLfbwjxhJs7Db43;ISBN0002005018;4.293199598789215
u4QcAfCEW3Wo4TLfbwjxhJs7Db43;ISBN0060543957;5.844472885131836
u4QcAfCEW3Wo4TLfbwjxhJs7Db43;ISBN0060973129;6.17505943775177
u4QcAfCEW3Wo4TLfbwjxhJs7Db43;ISBN0061000280;6.469827234745026
u4QcAfCEW3Wo4TLfbwjxhJs7Db43;ISBN0140430423;4.970469176769257
u4QcAfCEW3Wo4TLfbwjxhJs7Db43;ISBN0140621296;4.797633796930313
u4QcAfCEW3Wo4TLfbwjxhJs7Db43;ISBN0312978383;4.097354620695114
u4QcAfCEW3Wo4TLfbwjxhJs7Db43;ISBN0316769487;5.4368771612644196
u4QcAfCEW3Wo4TLfbwjxhJs7Db43;ISBN0345402871;5.85428923368454
u4QcAfCEW3Wo4TLfbwjxhJs7Db43;ISBN0345413903;5.454014867544174
u4QcAfCEW3Wo4TLfbwjxhJs7Db43;ISBN0345450248;5.307390034198761
u4QcAfCEW3Wo4TLfbwjxhJs7Db43;ISBN0374157065;4.133657783269882
u4QcAfCEW3Wo4TLfbwjxhJs7Db43;ISBN0394562720;5.859980881214142
u4QcAfCEW3Wo4TLfbwjxhJs7Db43;ISBN0394563158;3.313557356595993
u4QcAfCEW3Wo4TLfbwjxhJs7Db43;ISBN0399144587;3.6239130795001984
u4QcAfCEW3Wo4TLfbwjxhJs7Db43;ISBN0399151788;5.805042803287506
u4QcAfCEW3Wo4TLfbwjxhJs7Db43;ISBN0399234616;5.488276332616806
u4QcAfCEW3Wo4TLfbwjxhJs7Db43;ISBN0425098559;6.236605405807495
u4QcAfCEW3Wo4TLfbwjxhJs7Db43;ISBN0425099148;4.816640734672546
u4QcAfCEW3Wo4TLfbwjxhJs7Db43;ISBN0439095026;5.239733725786209
u4QcAfCEW3Wo4TLfbwjxhJs7Db43;ISBN0440234743;3.861977368593216
u4QcAfCEW3Wo4TLfbwjxhJs7Db43;ISBN0440400503;5.728846609592438
u4QcAfCEW3Wo4TLfbwjxhJs7Db43;ISBN0446525537;4.980570375919342
u4QcAfCEW3Wo4TLfbwjxhJs7Db43;ISBN0446607258;5.29334357380867
u4QcAfCEW3Wo4TLfbwjxhJs7Db43;ISBN0446612545;6.017741441726685
u4QcAfCEW3Wo4TLfbwjxhJs7Db43;ISBN0451166892;5.443412363529205
u4QcAfCEW3Wo4TLfbwjxhJs7Db43;ISBN0451203925;5.592150509357452
u4QcAfCEW3Wo4TLfbwjxhJs7Db43;ISBN0515069434;5.155832082033157
u4QcAfCEW3Wo4TLfbwjxhJs7Db43;ISBN0553347594;4.527656316757202
u4QcAfCEW3Wo4TLfbwjxhJs7Db43;ISBN0590437151;4.8960389494895935
u4QcAfCEW3Wo4TLfbwjxhJs7Db43;ISBN0609804618;7.202299892902374
u4QcAfCEW3Wo4TLfbwjxhJs7Db43;ISBN0671019155;5.158139586448669
u4QcAfCEW3Wo4TLfbwjxhJs7Db43;ISBN0671495534;5.200037568807602
u4QcAfCEW3Wo4TLfbwjxhJs7Db43;ISBN0671526065;4.60517430305481
u4QcAfCEW3Wo4TLfbwjxhJs7Db43;ISBN0671870432;5.479004204273224
u4QcAfCEW3Wo4TLfbwjxhJs7Db43;ISBN0679425608;4.640850096940994
u4QcAfCEW3Wo4TLfbwjxhJs7Db43;ISBN0679752927;5.883280694484711
u4QcAfCEW3Wo4TLfbwjxhJs7Db43;ISBN0684823802;5.021597176790237
u4QcAfCEW3Wo4TLfbwjxhJs7Db43;ISBN0756401860;4.672246694564819
u4QcAfCEW3Wo4TLfbwjxhJs7Db43;ISBN0786868716;5.196944981813431
u4QcAfCEW3Wo4TLfbwjxhJs7Db43;ISBN0800793013;5.684798300266266
u4QcAfCEW3Wo4TLfbwjxhJs7Db43;ISBN805423001;5.20893257856369
u4QcAfCEW3Wo4TLfbwjxhJs7Db43;ISBN0806315326;5.0719210505485535
u4QcAfCEW3Wo4TLfbwjxhJs7Db43;ISBN0812561309;5.395987153053284
u4QcAfCEW3Wo4TLfbwjxhJs7Db43;ISBN0812970802;4.897646397352219
u4QcAfCEW3Wo4TLfbwjxhJs7Db43;ISBN0849951577;5.3607600927352905
u4QcAfCEW3Wo4TLfbwjxhJs7Db43;ISBN0907516084;5.453191697597504
u4QcAfCEW3Wo4TLfbwjxhJs7Db43;ISBN1552041778;3.879992961883545
u4QcAfCEW3Wo4TLfbwjxhJs7Db43;ISBN1567230148;5.030344665050507
u4QcAfCEW3Wo4TLfbwjxhJs7Db43;ISBN1588720306;5.730344891548157
u4QcAfCEW3Wo4TLfbwjxhJs7Db43;ISBN006250746X;5.832384169101715
u4QcAfCEW3Wo4TLfbwjxhJs7Db43;ISBN051762639X;6.077666282653809
u4QcAfCEW3Wo4TLfbwjxhJs7Db43;ISBN067976397X;5.488915503025055
u4QcAfCEW3Wo4TLfbwjxhJs7Db43;ISBNI2342341123;5.789837896823883
xOizA2OmDgc7A9azuwqesoPkUd72;ISBN0002005018;7.2451395988464355
xOizA2OmDgc7A9azuwqesoPkUd72;ISBN0060543957;3.9041384756565094
xOizA2OmDgc7A9azuwqesoPkUd72;ISBN0060973129;3.81156525015831
xOizA2OmDgc7A9azuwqesoPkUd72;ISBN0061000280;5.395581871271133
xOizA2OmDgc7A9azuwqesoPkUd72;ISBN0140430423;6.4327274560928345
xOizA2OmDgc7A9azuwqesoPkUd72;ISBN0140621296;5.466460317373276
xOizA2OmDgc7A9azuwqesoPkUd72;ISBN0312978383;6.4637370109558105
xOizA2OmDgc7A9azuwqesoPkUd72;ISBN0316769487;5.9440590143203735
xOizA2OmDgc7A9azuwqesoPkUd72;ISBN0345402871;3.5563538670539856
xOizA2OmDgc7A9azuwqesoPkUd72;ISBN0345413903;4.490053087472916
xOizA2OmDgc7A9azuwqesoPkUd72;ISBN0345450248;5.9962939620018005
xOizA2OmDgc7A9azuwqesoPkUd72;ISBN0374157065;6.0552719831466675
xOizA2OmDgc7A9azuwqesoPkUd72;ISBN0394562720;4.5316541492938995
xOizA2OmDgc7A9azuwqesoPkUd72;ISBN0394563158;8.954323649406433
xOizA2OmDgc7A9azuwqesoPkUd72;ISBN0399144587;8.995826005935669
xOizA2OmDgc7A9azuwqesoPkUd72;ISBN0399151788;5.842201590538025
xOizA2OmDgc7A9azuwqesoPkUd72;ISBN0399234616;3.3730130791664124
xOizA2OmDgc7A9azuwqesoPkUd72;ISBN0425098559;4.973342090845108
xOizA2OmDgc7A9azuwqesoPkUd72;ISBN0425099148;7.293268620967865
xOizA2OmDgc7A9azuwqesoPkUd72;ISBN0439095026;5.274125814437866
xOizA2OmDgc7A9azuwqesoPkUd72;ISBN0440234743;7.199007213115692
xOizA2OmDgc7A9azuwqesoPkUd72;ISBN0440400503;4.846072614192963
xOizA2OmDgc7A9azuwqesoPkUd72;ISBN0446525537;6.898900747299194
xOizA2OmDgc7A9azuwqesoPkUd72;ISBN0446607258;4.782639175653458
xOizA2OmDgc7A9azuwqesoPkUd72;ISBN0446612545;4.320608288049698
xOizA2OmDgc7A9azuwqesoPkUd72;ISBN0451166892;4.826032221317291
xOizA2OmDgc7A9azuwqesoPkUd72;ISBN0451203925;4.913436830043793
xOizA2OmDgc7A9azuwqesoPkUd72;ISBN0515069434;5.631811797618866
xOizA2OmDgc7A9azuwqesoPkUd72;ISBN0553347594;6.629513084888458
xOizA2OmDgc7A9azuwqesoPkUd72;ISBN0590437151;6.397856056690216
xOizA2OmDgc7A9azuwqesoPkUd72;ISBN0609804618;2.0111290961503983
xOizA2OmDgc7A9azuwqesoPkUd72;ISBN0671019155;4.652222126722336
xOizA2OmDgc7A9azuwqesoPkUd72;ISBN0671495534;5.462329983711243
xOizA2OmDgc7A9azuwqesoPkUd72;ISBN0671526065;7.791240036487579
xOizA2OmDgc7A9azuwqesoPkUd72;ISBN0671870432;4.161736488342285
xOizA2OmDgc7A9azuwqesoPkUd72;ISBN0679425608;7.67227441072464
xOizA2OmDgc7A9azuwqesoPkUd72;ISBN0679752927;3.9380552768707275
xOizA2OmDgc7A9azuwqesoPkUd72;ISBN0684823802;5.68455582857132
xOizA2OmDgc7A9azuwqesoPkUd72;ISBN0756401860;6.988317012786865
xOizA2OmDgc7A9azuwqesoPkUd72;ISBN0786868716;5.1279129683971405
xOizA2OmDgc7A9azuwqesoPkUd72;ISBN0800793013;3.661434233188629
xOizA2OmDgc7A9azuwqesoPkUd72;ISBN805423001;5.451426267623901
xOizA2OmDgc7A9azuwqesoPkUd72;ISBN0806315326;4.8209585547447205
xOizA2OmDgc7A9azuwqesoPkUd72;ISBN0812561309;6.508671522140503
xOizA2OmDgc7A9azuwqesoPkUd72;ISBN0812970802;6.4735260009765625
xOizA2OmDgc7A9azuwqesoPkUd72;ISBN0849951577;4.8279872834682465
xOizA2OmDgc7A9azuwqesoPkUd72;ISBN0907516084;4.738689303398132
xOizA2OmDgc7A9azuwqesoPkUd72;ISBN1552041778;8.804432690143585
xOizA2OmDgc7A9azuwqesoPkUd72;ISBN1567230148;6.131279349327087
xOizA2OmDgc7A9azuwqesoPkUd72;ISBN1588720306;3.727244108915329
xOizA2OmDgc7A9azuwqesoPkUd72;ISBN006250746X;1.6272203624248505
xOizA2OmDgc7A9azuwqesoPkUd72;ISBN051762639X;4.097416311502457
xOizA2OmDgc7A9azuwqesoPkUd72;ISBN067976397X;3.6302795708179474
xOizA2OmDgc7A9azuwqesoPkUd72;ISBNI2342341123;3.7983341813087463
